feature1,feature2,feature3,feature4,feature5,target,timestamp
1.0450884740847535,0.14488783309689118,0.02390304328495547,-0.35141423571373254,1.5634133588321082,-3.4399670164412455,2023-01-23 13:00:00
1.804348109786743,-0.19090379172729868,0.7197579421481819,-1.2932729578711637,-0.9564363768180087,0.8005489328031924,2023-01-19 08:00:00
0.8187776437548606,1.5379319184125528,-1.1225448062444139,-0.9175028210142636,1.0176614668435024,-2.457225948410545,2023-01-21 02:00:00
-0.5441140021141926,-0.1627929060722942,0.04091917539572113,-1.0021874557814727,0.7408243454201259,0.9405786439041477,2023-01-18 14:00:00
0.6928575842374367,0.5825713188088052,-0.7999405067019342,-1.9080021371233076,-0.39305275706140097,1.9198603488315031,2023-02-02 10:00:00
-0.28509425704201397,0.1386451837100845,-1.0861262991814098,-0.8682609615983323,0.09781329309330739,0.7233439156461263,2023-02-09 13:00:00
-0.23893209916969432,-0.36682441181468756,-0.3917581490438219,-0.9224101844985025,1.6153756894694418,0.49023833726432203,2023-01-14 22:00:00
-2.238231233324972,-2.120700152635066,-0.6068651778571754,0.45768658605355206,-2.7475048427252347,9.174213269167245,2023-01-25 00:00:00
0.6523061516102304,-1.6313351104170732,0.4802605014059249,-1.0551076754804494,0.8227827808340025,1.6387320279998894,2023-02-08 22:00:00
-0.29983819627488056,1.904136589573007,1.6259589153620633,2.218780233448134,-0.1590452104000513,-4.3567834712905364,2023-01-24 15:00:00
-1.9122549754197768,-0.06863404608546861,-1.3683150388328105,1.987275999230808,0.9113627221747217,0.25670822193295345,2023-01-25 18:00:00
-0.9077561801469204,1.5192839236417688,0.5107920885275947,1.0305805856240573,-0.6578345538521371,-0.6527857509158321,2023-01-23 02:00:00
0.7505791675217656,-0.41619440488525394,-1.1300693390403578,-0.4500128579958137,1.2571492168625729,-0.9365813048385181,2023-01-25 05:00:00
1.5944423917491968,0.678946987762233,-0.81240234893742,-0.049029340838036735,-0.16036008104483077,-2.7992435694987066,2023-01-30 11:00:00
0.10589445311523424,0.5844129804724842,1.9764405845154855,-1.5642416117110514,1.617212574968624,-1.5495237077277633,2023-01-19 16:00:00
1.192507512477975,-1.7785875840065168,0.31965182591897723,-0.5041798310076715,-0.08152267310164589,1.880184999227943,2023-01-19 21:00:00
-0.29756350335999193,1.3757068133116195,-0.15005558703252672,0.12557645347154225,-0.1730718242838696,-1.61845938719376,2023-01-10 12:00:00
1.639964529371393,0.7421274910718922,0.0754336389015928,-1.6019658118971685,-0.24606248812994858,-1.8048011557426844,2023-01-15 16:00:00
-0.49693202511797824,-0.18256897437954112,-0.9899577925520139,-0.0350076100062359,-0.8110008636288448,1.8625923295350277,2023-01-31 08:00:00
0.7716987106483447,-2.8485426206300755,1.1487657003721035,-1.7397137787780996,-0.36244094140313216,3.978686896949459,2023-01-09 20:00:00
-0.4691756521047048,-1.7131345290908775,1.3538723741654128,-0.11453984525261789,1.2378163119734618,1.4928792164015132,2023-01-04 07:00:00
-1.8408742313316453,-1.2795769667357015,-0.6248185776956788,0.026091050210833786,0.517659020469123,3.531855907748242,2023-01-07 04:00:00
-1.141689114133505,-0.19365945927971812,-0.7168223206028049,-1.86653661707306,-0.08268068584269925,3.4170185074038644,2023-01-13 14:00:00
0.8467707752164937,-2.1272274203514954,-0.099094300241269,-0.6028206557839616,0.4322629506341555,1.4491248166075135,2023-01-27 04:00:00
0.5362909095171899,-2.1961278210999464,-0.16212397547985843,0.14304876987895235,0.8496119885162131,0.6294361949458895,2023-02-02 09:00:00
0.47363207681145447,-0.9263811299815384,0.5555126463422483,-0.9186865114860944,-0.4173668136050844,1.2974639165346475,2023-01-22 02:00:00
1.1070806692869728,-0.12038116395359824,-2.172669546014036,0.8474216771504216,-0.5353281859539227,-0.5938618589863878,2023-01-15 06:00:00
0.5142547560178349,0.5720574417141441,-0.062191016999311004,1.1243533598705027,-0.3340772309799405,-2.2092253869754326,2023-01-21 05:00:00
-0.032280611049470324,0.6405429350747734,0.12307820165618115,-0.1131280525157404,-1.2992163634458243,0.7980725008524426,2023-01-30 15:00:00
0.10643022769189683,-0.2549772174208553,1.5039929885826886,-2.650969808393012,1.0915068519224618,1.315375756150834,2023-01-06 13:00:00
0.47543068252662346,-0.7955570679408823,0.4243939378610126,1.2795186697601588,-2.2168188393540644,1.3024012338908333,2023-01-30 07:00:00
0.3673655068161781,0.9135846262332494,-0.8031789506803448,1.4926885689595217,-0.2711236010425688,-2.9792101395820776,2023-01-13 23:00:00
0.03402741107223205,0.11137260184005242,-0.17909328501615626,0.3958197810959231,0.6928557558178116,-1.3534583323751153,2023-01-31 02:00:00
0.47004418736820214,-0.7076258948220261,-0.7121738641760436,-0.11066536855732945,-0.8966422273152082,1.6375697718870046,2023-01-27 05:00:00
0.4967141530112327,-0.13826430117118466,0.6476885381006925,1.5230298564080254,-0.23415337472333597,-0.9827875466462841,2023-01-01 00:00:00
0.20056919723094285,1.1486373494287152,-1.015821818978397,0.06167984984797165,0.42881650033057295,-2.9248063756873783,2023-01-14 04:00:00
1.4974316831796264,1.8577023435377324,-0.10343122429028392,-1.2390527025266425,2.095843501809159,-5.268509567515184,2023-01-30 10:00:00
-0.5309708978119645,-0.33513778117145177,0.34233783448962146,1.5541604207147741,0.8539759765522237,-1.1003427416875486,2023-01-23 19:00:00
0.3074035697196884,-0.8246122504347609,0.2766007655111807,1.195480650825479,-0.5966290586117302,0.5086019413485696,2023-02-06 08:00:00
-1.1755946056248516,-0.8950698422766047,0.5972282182533848,-0.9483480042242007,0.46320629209912306,2.251281181841368,2023-01-23 04:00:00
-0.7584953347000695,-0.23040071420576733,-0.9242331442683044,0.8901984111247868,1.0352493347237526,-0.9734981859504833,2023-01-20 21:00:00
0.05993263026632825,0.2773769379581917,1.360658595838651,-1.308820399119112,-3.0195121558208253,3.6356841021287933,2023-01-17 20:00:00
0.2029230208512997,-1.515744114997232,1.5475052013300616,1.7958776730955217,-0.6127886904843862,1.2280828021560506,2023-01-08 04:00:00
-0.5112156764311852,-0.9896048202585809,-0.12578692009964815,0.055724912288694604,1.0941915184709485,1.0777997654013496,2023-01-06 05:00:00
0.5935567222808619,-2.9403886346642802,0.655900776529761,0.19473619471877485,-0.018708756445897416,2.2939861820652343,2023-01-17 10:00:00
0.3764095260975166,-0.9020515543575104,-0.8696630812746944,1.1254347844147694,-1.1894118928673278,-0.5402732350621662,2023-01-18 12:00:00
0.6295295842218108,-0.8043157596599924,0.8953554307625996,-0.6315777291653314,0.2531652380379812,0.5047352674347767,2023-01-24 00:00:00
-0.912810919296513,-0.4174303819894322,0.3440539215634665,0.3483417392461269,-0.8978300664256293,2.527239556258344,2023-02-07 15:00:00
-0.06267909727317188,0.9551423205012383,-0.9857260463355437,0.5040465155178444,-0.5302576183724408,-0.6157679684721686,2023-01-04 18:00:00
-0.19819567637971988,0.5101574689151834,1.2725701629285695,0.1263141994832002,-0.46913085421040895,-0.4171433041699921,2023-02-09 03:00:00
0.04643654815614881,-1.3598561409799192,0.7462535660272207,0.6454841811410754,2.16325472330546,-1.5402260933019027,2023-01-08 13:00:00
-0.172946059923423,1.7117084801423434,-1.3719011429313563,-1.6135613978767411,1.4711703274936085,-1.4459538966483962,2023-01-12 10:00:00
0.5140625524247758,-0.4611697320346189,0.7565646749131401,-1.3944950688592617,1.0538915522958832,0.13321674686095508,2023-02-07 07:00:00
0.2320499373576363,-1.4480843414973241,-1.4074637743765552,-0.718444221252436,-0.21344715171184725,1.7261510509670193,2023-01-03 21:00:00
-1.7607627591558177,0.7533416211045325,0.38115838488277776,1.2897527540827456,0.6731813512699584,-0.9304452466624018,2023-01-13 03:00:00
0.05921843401448826,0.013929291912946203,-0.024125087110003277,0.19808476076785494,-0.14436041192394247,-0.0466258665694053,2023-01-06 11:00:00
0.7783610761666377,-0.5511857163285334,-0.8181988834223072,-0.0033744574109520514,-0.17018462252492844,0.90771360363909,2023-01-13 12:00:00
2.412615421612916,0.7846042878980238,-0.01926037973439464,-0.2628908292082677,0.02246589281204638,-4.698051848860814,2023-01-18 16:00:00
0.48473281729447476,-0.8463566549908735,-0.643549832317462,1.0299608175811612,-0.33477533210654087,0.18278975875298298,2023-01-14 14:00:00
0.3078017688920592,-1.7101683926566256,-1.348185422105713,0.743264094022715,0.17086543812794186,1.2122694133751046,2023-01-07 00:00:00
-0.5132135664715852,-0.22859991534001858,-0.9943493746085122,-2.5623336587953105,-0.19102776260016902,2.301185293298183,2023-01-18 15:00:00
-0.04551224530124217,-0.4242363333980435,-0.5698329282387588,0.32950873557300914,-1.5171736966716791,2.039199060006821,2023-01-25 04:00:00
-0.7778166875908753,-1.1105758454658288,1.7522704434236227,0.9356783931474612,1.2715550949941588,0.7661777002614562,2023-01-06 15:00:00
-0.12754912037753421,1.5111549302473475,-1.4511756900515589,-0.01208894784605456,-1.252393444413119,-1.1910733619274887,2023-01-19 18:00:00
-0.5172884501003722,1.40934744018558,2.2988981236192503,-0.36283856043965906,-0.4455025214007718,-1.1585786576343646,2023-01-07 20:00:00
0.22745993460412942,1.307142754282428,-1.6074832345612275,0.1846338585323042,0.25988279424842353,-1.8365488743699516,2023-01-02 04:00:00
-0.7284616216803428,0.31952467078295543,1.653617268492285,0.13988723283912738,0.996118214911129,-1.4525277707750073,2023-02-02 05:00:00
1.4401172154494728,-0.6763923020592697,1.8009404329108156,-0.04015795064434341,-1.4307751021180481,0.04662022994545986,2023-01-09 01:00:00
0.3080505395041023,-0.3916485674217911,0.26912694124510733,-0.3431922754974105,0.6215718898560508,0.7886882754792797,2023-01-17 04:00:00
0.9976320769202445,-0.2867942357382693,0.7595148874861078,-0.29175863225853715,-0.059826143529903696,-1.1526424336702374,2023-02-05 12:00:00
0.4924512640081491,0.2891686439078181,2.4553001399108942,-0.637739984251316,-0.5309969550018176,-0.8159335622486562,2023-01-08 01:00:00
-1.1738799644089726,-0.19793772898468187,2.067906338163552,-1.8316822472060261,-1.0513099116393445,4.239786170740201,2023-01-30 09:00:00
-0.5227230205190395,1.0490092258368893,-0.7043436905427592,-1.4084612963635597,-1.5566291735239037,2.5958773954422583,2023-01-06 20:00:00
-0.38770155993598415,0.28586539072490497,0.334456789987025,0.6585442726728304,2.0102045387663496,-3.483728413180651,2023-01-08 05:00:00
-0.6017066122293969,1.8522781845089378,-0.013497224737933921,-1.0577109289559004,0.822544912103189,-1.3948070945805826,2023-01-01 06:00:00
0.5827375831738644,0.4968735905075971,1.0697714549838502,-1.1996975283653082,-2.3161438629688766,1.7943115397394716,2023-02-01 01:00:00
-1.8461878622380938,-0.92951086019241,-1.496529255090079,-0.6500239344068982,-0.08343796979036086,3.7723580570190913,2023-01-20 22:00:00
-0.40122047188583626,0.22409248181041677,0.01259240078179486,0.09767609854883172,-0.7730097838554665,1.2755194917648707,2023-01-04 01:00:00
1.3931812579349059,0.8393491142316022,0.8728243510056346,-0.966156723370417,-0.07938842440570287,-1.6230316450763835,2023-02-07 22:00:00
-0.6328802748847919,0.18932830729237413,0.29724427338012405,-1.189232465077129,1.0539857711828762,0.8095062627600917,2023-02-03 21:00:00
0.1053755061459599,-1.3340254949182044,-0.6013676439512137,0.31978193414253697,-1.5929937335316693,3.099909584283764,2023-01-10 22:00:00
-0.18398333635267913,0.01843393306539316,0.34758170536167105,-0.5397596803093615,-0.7783047254023127,2.0135693405158084,2023-01-07 01:00:00
-0.7316317389085281,1.8904406851557827,0.04930833152022263,0.7688396759688968,-0.6082265074447593,-0.46797800292692227,2023-02-03 00:00:00
0.7589285897867651,0.2811914239693758,0.10420110395187607,-0.06259312789952241,-0.7539645888666763,-0.7073029820105067,2023-01-10 18:00:00
0.9980101098596522,-2.8962553781936893,2.0883747047807275,-0.13958962815517376,1.1081828167375165,0.5718760696220255,2023-01-10 04:00:00
-0.30964971398806124,1.146027575013415,-2.837506441397379,-0.016610342325908987,-0.10581875749769788,0.2176423716738009,2023-02-08 11:00:00
0.570612997219531,0.9681846605328611,-0.33130838318332273,-0.6122367345077503,-1.085150526557798,-0.41245622181735714,2023-01-21 20:00:00
-0.5736620068802363,-0.5468589412403921,-0.03275327021599839,-0.543424771133765,-0.7128457826771644,2.889569334816011,2023-01-06 12:00:00
0.240205843946223,1.2531328247682434,0.7899197221808523,0.9695690257529068,0.32685540061043733,-3.873830790202953,2023-02-11 06:00:00
-1.3902219251534627,0.15776143929376948,-1.0973683189710666,-1.4769249275319014,-0.7393714074590363,4.1705269377370335,2023-02-02 06:00:00
-1.5231869047837747,-0.5589218472715883,0.37721187506452086,1.5655240292343404,-0.0657502610729878,2.1027750778970518,2023-01-08 17:00:00
-0.9378250399151228,0.5150352672086598,0.5137859509122088,0.5150476863060479,3.852731490654721,-3.7407157740982186,2023-01-02 17:00:00
-0.3021805869826214,-2.6031370878272986,-0.3613105619672905,-0.06418416128881928,-1.0105982199289134,3.7523803378785088,2023-01-30 00:00:00
0.8356921120651418,-1.129706854657618,0.5298041779152828,1.4415686206579004,-2.4716445001272893,1.5109304910548818,2023-01-05 12:00:00
0.9965705105794472,-0.46649537922819795,0.6404797952008238,-0.19050310599781134,0.32405702822156063,-0.7659826553863429,2023-01-25 12:00:00
0.11351734525124804,0.6621306745210467,1.586016816145352,-1.237815498826849,2.1330333746562666,-1.8476078601714407,2023-01-03 08:00:00
0.18384954475369486,1.8005111815108537,1.2389463529394373,0.20965941527462578,-0.49163618563204736,-2.7159581668516557,2023-01-17 21:00:00
-1.2504077339697175,0.6045153263553668,0.8823330623234091,-0.45209033283308037,-0.4700421477595015,1.5814578921571554,2023-01-19 10:00:00
-0.5505519317084877,0.31635832153614474,-0.8852486861242225,0.18106274277108234,1.3032780373160637,-1.086870468616314,2023-02-01 13:00:00
1.635797806135815,-0.22104246353705057,0.06936980265806943,0.19259691873130513,2.3921096352739926,-4.375443352659958,2023-02-11 13:00:00
0.7910319470430469,-0.9093874547947389,1.4027943109360992,-1.4018510627922809,0.5868570938002703,0.4702785419975776,2023-01-02 00:00:00
0.5752050161065663,0.5006657213812097,0.04977368718096008,0.007063158628176452,-0.6603211394734471,-1.7965411444202886,2023-01-20 11:00:00
1.4313667818311835,1.0817667276728287,-1.3122191934314063,0.6220699903060487,1.3289333195354096,-4.584699867831338,2023-01-23 11:00:00
0.8545252270666157,-1.091933900395313,0.8902475008365087,0.17183933979353122,0.5532512199847837,-1.4393320903906384,2023-01-23 03:00:00
-1.8179792253871547,0.7597122954841684,-0.09445871444200275,0.41960997202411815,-0.8638829605897661,2.174795428098126,2023-01-26 18:00:00
-0.09139955750911445,-0.08087849786546131,0.05225849049748321,-1.060605066396601,-0.7170161491279362,1.548959149199907,2023-01-29 22:00:00
-1.5449373466767586,-0.5393050144632704,0.386382653848061,0.8377642215465891,-0.6792306531929551,3.6723052833286207,2023-02-08 14:00:00
0.5866938014752747,-0.47490365662252443,0.8712972974572442,-1.3459796802467485,0.12637957954641182,0.6172095262736588,2023-01-15 02:00:00
-0.48423407286625136,1.2669111491866227,-0.7076694656187807,0.44381942814622843,0.7746340534293368,-1.8364489358387166,2023-01-03 03:00:00
-0.2950899142379063,0.975816719344709,0.9184544439424138,-1.2457173764463845,0.054934110999848726,0.6584102701134866,2023-01-22 03:00:00
0.3721054726068629,0.3891591956679287,-0.053120653017545344,1.2235688824186275,1.0964692338108837,-3.313323886137528,2023-01-22 12:00:00
-0.21596052035023222,0.9374774925069249,1.6350663945275195,1.311693449272661,-1.092141593428733,0.2946565784611259,2023-02-08 08:00:00
-0.3220281544920584,1.3254321090950785,-1.4068150094975382,0.5859042011646491,-0.736770135947622,-1.6013663372492366,2023-02-02 13:00:00
0.056649924897107164,0.5296927543567308,-0.07049877805909122,0.4865016438262019,0.06447441481012024,-1.0215922528485728,2023-01-12 00:00:00
-0.2243189708781048,0.8595848723435562,0.0798014840587331,1.1395555360254692,-0.38736196455281124,-1.8369959448626556,2023-02-04 01:00:00
-0.531454551359215,-1.5678594253654559,0.3467099776049199,2.5115565515844236,-1.8400777445057528,2.487888867344618,2023-01-30 14:00:00
-0.6749340187905523,-0.4030759890650308,1.991553302204734,-0.8320613048498566,-0.5501152829365389,1.7589854137454088,2023-01-29 10:00:00
0.01282864354368512,0.479827035366833,-0.26864575330974255,-1.8363597837703973,-0.43277388358838864,1.4074332083773646,2023-02-04 16:00:00
1.2374381346841392,-0.45730165508679,-0.04282338131157488,0.058022734808395225,0.8484308822052846,-2.0847095023036033,2023-01-22 14:00:00
0.7307641190665245,0.014273067836434106,-0.9539394193966448,-0.4070363129267805,0.6863184569567008,-0.6399578928284263,2023-01-19 15:00:00
0.09707754934804039,0.9686449905328892,-0.7020530938773524,-0.3276621465977682,-0.39210815313215763,-1.3406537541920824,2023-01-01 18:00:00
0.2869558543017087,-0.8319549174944512,-0.6382827265284942,-0.8153756283161211,-1.066234931899225,2.84645908676691,2023-01-30 19:00:00
0.271495310825648,0.5514762752395233,0.3405892164004968,0.39069592092814415,-1.326472128311083,-1.2146877224528787,2023-01-21 03:00:00
0.29562448874709507,-1.5166425494207911,1.4769344261182744,-1.167779551267935,0.2167755637626291,2.1844772339090373,2023-01-24 16:00:00
-1.0150941918278686,-0.8108575112103382,-1.2575778589146163,-0.23401985910698136,0.4663583744463345,1.802330253388627,2023-01-19 01:00:00
0.36150352520610163,-1.1437262073206618,0.10855970577652314,-0.0332299906444608,-0.2081168572725397,1.8812633333960813,2023-01-16 07:00:00
-0.7484865365565536,1.551151975522523,0.11567463429285867,1.1792971840638264,0.06751848141010895,-2.004529301916705,2023-01-04 11:00:00
0.117327383308782,1.277664895788425,-0.5915713888358299,0.5470973811700379,-0.20219265243389406,-2.535774536413595,2023-01-03 13:00:00
-0.40968659262949736,0.7123221595801621,2.2816518365388427,-0.6176416769336966,-1.5350402475323597,1.9163722708484245,2023-01-27 14:00:00
-0.015309849172995557,0.5792914996010884,0.11958036841415326,-0.9730689408815555,1.1965715016644913,-0.7888900370088021,2023-01-12 08:00:00
-1.9663565893760018,2.056207129940322,-1.1032083657216831,-0.221253623585772,-0.27681329988892067,1.3976931227121296,2023-01-12 21:00:00
1.9011906857530074,-0.060660813814620775,-0.7084067669104628,-1.5137143926128271,-1.803139676255945,1.100391628971562,2023-01-16 00:00:00
0.043602446372453724,1.695051040430753,-0.622649361734452,0.1946074552372427,-0.7424705856980482,-1.8236372475173988,2023-01-15 18:00:00
-1.7258067287905967,-0.6775646523356551,1.1941094030473725,-0.9811655311396816,-0.46440426230938764,4.445506943701533,2023-01-20 00:00:00
0.4599721429391164,-0.6777153697521061,2.013387247526623,0.13653533108273744,-0.3653215513121087,0.5773959299479343,2023-01-12 14:00:00
-0.47917423784528995,-0.18565897666381712,-1.1063349740060282,-1.1962066240806708,0.812525822394198,1.2632513599193862,2023-01-01 12:00:00
-0.30777823495300083,0.21915032766393897,0.24938368371075526,1.5774532797634744,-0.0952955323869521,-1.555782476890245,2023-01-08 14:00:00
-0.12853751143893075,-1.881849045497639,-0.5487249077409615,0.09284490114111471,0.15985639199740037,2.169154462693024,2023-01-16 08:00:00
0.8468821038849139,-0.11522423255219759,-0.3849428884100812,0.54090851856099,0.8761691671912328,-2.5346442534004794,2023-02-06 17:00:00
1.8180619225578247,0.7751554940347831,0.5530400858523584,0.23402445435314795,-0.24852861807444937,-3.210936755435789,2023-01-26 15:00:00
0.3649610024662254,2.403415585238275,-0.05761879703358539,0.2010990467149675,1.050654396007612,-5.124079204763841,2023-01-10 07:00:00
-0.5312142946075985,0.48387665118803974,-1.1022921498364233,0.681359510442948,0.4086073077017676,-1.1369613026752474,2023-01-24 20:00:00
-2.624817056374112,2.549009708717722,0.53102609489421,0.1488768039176911,1.1815677164191463,-1.0353062922733651,2023-02-10 10:00:00
1.9412174364637491,-0.8783230771797389,-0.3780078990182172,0.2314459225255723,0.6464895377257707,-2.273960141836611,2023-01-28 05:00:00
0.0036956718478473255,1.0114630354083562,1.341475915530881,-0.742484232538384,-0.4853058353678683,-0.3632416722134178,2023-01-23 17:00:00
-0.5353350870162231,0.35845361820962024,-0.7309562757154733,0.7579218499236196,0.6855077387902041,-1.1296064060484512,2023-01-25 06:00:00
-1.7518288067517191,-0.3899237065594453,0.15805348992013185,-0.09662367001488972,-0.4159669279473586,3.0877341379821424,2023-01-27 09:00:00
2.5269324258736217,-0.5308687729203206,-0.48943944251822213,1.044160877069072,0.6818914896263114,-4.5932249380270616,2023-01-08 08:00:00
0.4751677464953816,-0.002403840918853844,-0.5892716517893062,-1.0921636327180897,0.8347513263248821,-2.213968762614985,2023-01-28 17:00:00
1.9532591375265682,-0.5258796758952039,0.17775010626803134,0.4004813865063287,0.13106518621584873,-3.0029503778372715,2023-01-29 01:00:00
0.2522403964266774,-0.11622904312195817,0.21471318317052634,1.5781180575621845,0.9854496856152184,-2.408982195207571,2023-01-25 09:00:00
2.0979393391324312,-0.5256309339853844,0.032407013340136216,-0.6724855960063362,0.22327083592026087,-1.9022606325272524,2023-02-06 09:00:00
0.08958068125524882,-0.1973384203073261,-0.1512732836535117,-0.194908280352681,1.1337700968670645,-0.9542869931512085,2023-01-17 09:00:00
-1.485560373036972,0.26705026586925884,0.889630795623437,0.08228398927542419,1.0654803750653512,1.055846717602995,2023-01-07 19:00:00
-0.3791277409874871,-0.20358036010236177,-0.5816809139486437,-1.0147567306928669,-0.6492775450660071,2.6763861436073975,2023-01-11 08:00:00
-0.9457460606967811,0.6082461916849685,-1.317131919946585,0.7760279138434754,-1.0022170189267248,1.8561644401295452,2023-01-27 10:00:00
-1.132784951267745,0.35037021638633825,-0.844324037183071,0.10248464215820753,-0.48282759080691834,1.5838227457783485,2023-02-06 21:00:00
1.6284685547723217,-0.28438464960650933,1.5905820726178503,0.6789312900592783,-0.13699548944245826,-2.438969405707263,2023-01-28 21:00:00
1.395683810789956,-0.5621680265783021,-0.20922187374452778,-1.6834381922209503,-0.8058700664961888,1.4005623741535833,2023-01-16 15:00:00
0.8508979621679722,-0.13737178839939665,0.3904648499288896,-0.10322175293249623,0.26536234939962844,-0.7608942542498642,2023-01-18 04:00:00
0.024510174258942714,0.49799829124544975,1.4511436077950417,0.9592708260852069,2.1531824575115563,-3.1014695211288488,2023-01-04 02:00:00
-0.4080753730215514,-2.038124535177854,-1.008086310917404,-1.8707919210258557,-0.35151348404130867,5.015106660904417,2023-01-05 17:00:00
1.5163940552535728,0.6021183203924835,0.07203686128374476,-0.21220896990115168,-0.9519184600222356,-1.1989508459441895,2023-01-25 22:00:00
-1.5958939685741134,-0.7390286580232329,0.6523303381766798,1.4273053642892164,-0.4194347526585506,1.9462881792106446,2023-02-10 01:00:00
-1.7730324682068814,1.2619215007139917,-0.9057323008626189,-0.6537663386488198,-0.5956612940434921,2.6367839536346462,2023-01-17 06:00:00
-1.6694052811213718,0.543360192379935,-0.6626237589458467,0.5705986685931593,-0.7632591565425169,2.170487630009592,2023-01-05 08:00:00
0.0184183791895517,1.6764373122752827,0.32692737376416264,-0.21910052880886424,0.8294055811834892,-2.483037847028959,2023-01-05 18:00:00
-1.2207124259141586,-0.5081401976473109,-0.14778031881747153,-0.4532484090230134,1.4524675344707454,1.1670459561256468,2023-01-18 09:00:00
-0.8610879101735704,1.4033699701251907,0.6979032725390276,-0.4430440211284823,-0.47949296739924335,0.15141594782978873,2023-01-22 21:00:00
0.4620608932518965,0.7833905092825955,-0.2515388860444957,-0.5975101946916416,1.4223698616985077,-2.058138281798187,2023-01-20 01:00:00
1.1210306673244714,0.00020706491819709385,-0.009300321138614417,-0.32789471651291785,0.15519068385897913,-1.504781640009541,2023-01-18 01:00:00
1.9647251329163893,0.03526355197172861,-0.6997255079925856,0.213979910734222,-0.11232804969082982,-2.8603885011607884,2023-01-04 20:00:00
-0.24861585376667736,0.6266136372630708,0.04556388114189831,0.6234071382799156,0.7034401331388942,-1.8439532969729842,2023-02-08 18:00:00
0.6696725488300385,0.36659824609684827,-0.9398797863273552,-0.5138669173366935,-1.0592135218889516,0.1750651884872747,2023-01-04 17:00:00
0.40373009033660945,-0.024195606390916165,-0.9037018607301281,0.324359281721603,-1.1790397911598025,0.680383217117777,2023-01-15 00:00:00
0.5872624134641767,-0.20562785364324765,0.0828325705180999,-0.7281719009698155,1.7481370691208353,-2.0129096738085517,2023-02-11 04:00:00
-0.253676077542381,-0.34516470544979644,0.4892545350763276,0.6863535550145331,-0.8388926740257363,1.0876837086756788,2023-02-08 09:00:00
-0.15774698323148525,-0.6416668201303823,1.665351917623531,-0.8561698406617501,0.03556607403299353,1.4398172181560576,2023-02-08 21:00:00
-0.38852077518300926,0.19042388992505774,0.44921872128503426,-0.5098066931908826,0.03444101170584135,0.5935754781200114,2023-01-26 05:00:00
-0.25885440036983165,0.35250496835687956,-0.5703513664136806,-1.8206033005485172,0.2700573583914221,1.6638714560184042,2023-01-25 17:00:00
-0.8567720938267928,-0.5555467794868666,0.20438903160297678,-1.2021495260760888,-0.39568071175626385,2.9935457437403254,2023-01-26 11:00:00
-0.275051697151644,-2.301921164735585,-1.5151910621985523,1.3668742674445247,1.6449677135012837,-0.010237418065418558,2023-01-04 22:00:00
0.9312801191161986,-0.8392175232226385,-0.3092123758512146,0.33126343140356396,0.9755451271223592,-1.350282672946848,2023-01-01 11:00:00
-0.971656734541286,-1.3796181647889305,-0.6267172245899651,0.8623934723827588,0.9531250453760867,1.430105815080476,2023-01-17 12:00:00
-1.3671378064602457,0.8481742126666681,-1.232523314768509,0.5522999376795232,0.6256309336460009,0.919683194438307,2023-01-23 05:00:00
0.7589692204932674,-0.7728252145375718,-0.23681860674000887,-0.48536354782910346,0.08187413938632256,0.06053180908355682,2023-01-02 19:00:00
0.570890510693167,1.135565640180599,0.9540017634932023,0.651391251305798,-0.3152692446403456,-1.8003097463441686,2023-01-02 18:00:00
0.4283070972076486,-0.18714426500454878,0.985729995679863,1.1873860515647512,2.589563642018614,-4.287291540298668,2023-01-14 17:00:00
0.23421473253652075,1.5505004928140769,-0.998354040738791,0.9843223984765838,-0.21398884422550896,-2.5742259211468324,2023-01-07 23:00:00
0.8595878869798019,-0.3871306497895146,-0.04541121793223822,0.02538842054241018,-1.9196731561976563,0.8717622578258575,2023-01-21 17:00:00
0.15712791899094083,0.17618982250269238,-0.6668487169515637,0.1979166673420755,-0.6074722876203072,0.6725314236288852,2023-02-06 12:00:00
-0.9600462952794637,-0.12270893359572414,0.09337237427665124,-1.1302037246739238,2.411676675578421,-0.2656057750067474,2023-01-25 21:00:00
-0.15032046027187207,-0.32669621318636405,-1.0425776946705763,-1.17223375343664,0.46436986354657417,1.008287373521711,2023-02-01 12:00:00
0.9261775475316414,1.9094166404701305,-1.3985675738191412,0.5629692366905709,-0.6506425691218269,-3.1727006334479255,2023-01-05 04:00:00
0.4384757388097273,0.019616657693989903,0.6728612359668199,0.591814133741378,-0.3540407109410238,-1.517333878076681,2023-01-18 18:00:00
0.820482181197364,0.5072740311072977,1.066674689589154,1.1692955904456728,1.3821589910375272,-3.785523571340858,2023-01-08 10:00:00
-0.3583401520212222,-0.6475418056351592,0.7441919714999368,-0.181224173218103,-0.649373038321426,2.641608263093464,2023-01-19 12:00:00
0.0005279588565972928,0.6012067489291149,-1.4438548161335418,-2.296180953137238,-0.5505368494915835,2.3414887007370644,2023-01-18 08:00:00
-2.0362205028559366,0.047493468251642953,-0.24907184465304072,-1.6728939013115742,0.4042128652773321,3.6327879096481883,2023-02-06 06:00:00
-0.6683451948468017,-0.0610756713523761,-1.0584406336416528,-2.4980610174929394,0.200459631413729,1.8131413743616114,2023-02-06 18:00:00
0.4914294527201998,0.5697603571986469,0.19548173155329082,-0.09884520123930605,0.4359753895000459,-2.013202441542647,2023-01-29 08:00:00
1.8467073257360336,0.5839281853259639,-0.35929209078705954,0.5906548306923093,1.1087035805829077,-5.44051185307796,2023-01-08 09:00:00
-0.38851845308888583,1.1241127199860135,0.9475264621228578,-0.7728776678236091,0.4070522871245351,-0.6796072150042641,2023-01-17 11:00:00
-0.3004659487207037,-1.0056013756894657,0.36016418394576694,-0.5376457577798165,0.655403829850237,0.5793944111380767,2023-02-07 23:00:00
0.3631156277445234,0.3111099911431952,-1.889649292096153,2.01527511046064,1.2906444609225471,-4.684216625538001,2023-02-03 01:00:00
0.5070202721353568,-0.05739536507403601,-1.395448504755072,-0.7079109406740753,-0.262746747686504,0.43388724007174906,2023-02-10 00:00:00
-0.6073544332122114,-0.07722104522304557,0.4258436586298291,0.4182057558879721,-1.7760117540484022,2.860992854479456,2023-01-29 12:00:00
-0.5426737997340217,-0.7877837519082389,-0.620847598251116,-0.1681438185847896,-0.47209057769712737,1.9003349011266195,2023-01-16 23:00:00
0.2790838583451852,0.29156367668197275,-1.690671627606452,-0.9784995458666064,2.7552177437199017,-2.7977574589893264,2023-02-09 20:00:00
-1.9689231424160831,0.10343812930810638,2.042076040143744,0.2773584619646759,-0.022278979183713316,1.6928995520145682,2023-02-01 07:00:00
-1.331232953557778,-1.8362053731032966,0.5079913269125437,-1.1033666061738736,-2.152890592952483,7.313371982894772,2023-01-11 17:00:00
-1.0166831285764972,-0.2440804736742013,-0.039307287627631186,-0.1344967844017327,0.33385996656853467,1.9989475540076498,2023-01-23 10:00:00
-0.3223204692113399,1.2171585208254965,1.5213160519224513,0.9983108981479604,-0.4316203127180484,-2.187455361349536,2023-01-14 23:00:00
0.8219025043752238,0.08704706823817121,-0.2990073504658674,0.0917607765355023,-1.9875689146008928,0.7463060667181773,2023-01-01 15:00:00
0.11327041053776446,-1.4382779783173667,0.9192289345752035,-0.668144085538994,1.8732977762175456,0.6238573000427714,2023-01-14 12:00:00
0.5861658003927833,-0.4124138182164804,0.25719897035592737,-0.24066517453021302,0.007880184694728152,-0.4739468253365753,2023-02-01 14:00:00
-0.19068240076334658,0.21743287317972287,0.8700677306887542,0.49568188797260465,0.15041890514357642,-0.5297721639095339,2023-01-10 06:00:00
0.6487098875896427,-0.16711808031685435,0.14671368643332283,1.2065089665083568,-0.8169356709872361,-0.7933188424471904,2023-01-08 11:00:00
0.2113965674706589,1.0626572907875265,-0.3756336657655356,1.3511140899867151,1.292745289518207,-3.680296196399173,2023-02-10 23:00:00
-1.9187712152990415,-0.026513875449216878,0.06023020994102644,2.463242112485286,-0.19236096478112252,-0.2548263632821218,2023-01-01 22:00:00
-1.4063174636718339,-0.08310557262869477,-1.5047203740310022,0.7600559636896026,0.08243975293450329,1.354714733399999,2023-01-15 20:00:00
0.9137716213855857,-1.5457297866907331,1.5898389781806839,0.5740712208940013,1.3995946451457935,-1.2243769237320243,2023-01-28 18:00:00
-1.5978721344948377,-0.6300249795338944,0.7319555025098458,-0.19692180799688955,-0.46458107811561833,2.7903982394008002,2023-02-05 21:00:00
0.3506300992735592,0.4891871301476635,0.6347214685617699,1.1096998419562232,0.40981865692851255,-2.2243359597959484,2023-01-15 04:00:00
-0.6163614080394775,-0.375196380323937,-0.31771509675623405,1.2816437950037687,0.5576910607251245,-0.5885166435007285,2023-01-18 23:00:00
-0.4516594761596227,0.19502498402812674,-0.7582820688875902,-1.1306153349375263,0.6227112239002686,0.6823025070263137,2023-01-23 23:00:00
0.7938184671438157,-0.29737607924310644,-0.24638340251454802,0.9863765059059371,-0.7119732272589228,-0.11536366975534262,2023-02-04 17:00:00
0.1979107834626478,-0.6514180036144483,-0.48388583405432156,-0.32034730819432017,0.4241659464019164,0.26964380548589995,2023-01-09 11:00:00
0.8419836954521269,-0.36920720044744615,-2.9069882193216414,-0.3748220566218061,-1.0385438208439723,1.2043345377791188,2023-01-27 06:00:00
-0.22096959953322298,0.6141667000434252,0.7575077100473051,-0.5305011476105275,-0.57581824064468,0.3963106641839063,2023-01-04 21:00:00
0.5950294658355647,-0.5574230531083212,-0.41299782214343406,-0.9266983088473107,-0.03143917037477642,0.5762543740024233,2023-01-24 06:00:00
-0.8222203955664315,0.2436872114919123,0.24496657110872277,-0.5069431753711298,-0.4710383056183228,1.4409886107603251,2023-01-03 20:00:00
-1.1617838439123638,-0.28313889674376713,-0.30085974714082625,-1.2094769354188053,0.38897872935218375,3.0579271343027052,2023-01-26 22:00:00
0.538296079049633,1.0725073373098022,-0.3649527295428853,-0.8392096673390064,-1.0448091940210336,-0.557816232744833,2023-01-12 20:00:00
-2.391956204313024,0.8447743757816999,-0.005560293648070566,1.1785126897984228,-1.3734028889697492,3.0484170087169873,2023-02-05 04:00:00
0.9873345165891019,-0.07595102364252276,-0.31984752325484395,0.15175799224874037,-0.835142901630023,-0.6594869561486254,2023-01-19 02:00:00
-0.7031764251258874,-0.0349884904969617,1.77080063563551,-0.6269670577877674,1.8124485579969287,-1.4739897704511433,2023-01-07 09:00:00
-0.7673475628880495,0.8723206367206782,0.18334200573835174,2.1898029332176723,-0.8082982853551515,-1.1052309918973124,2023-01-04 03:00:00
0.4080528468367557,0.5507975722736632,0.44477380783159476,-0.8256536828021421,0.1493634822711889,-0.9291324163704091,2023-01-31 10:00:00
-0.684629825760004,0.7906255991627686,-1.9701038177118355,0.8925973382993092,-1.2111719292807812,-0.007251893123604636,2023-01-19 14:00:00
-1.2803043986708944,0.8724573282801447,0.650201177958661,-0.09917586377938291,1.8466369960476658,-1.0479831286341046,2023-01-08 20:00:00
-2.59104229214491,-0.5462444482524828,0.3918040054025465,-1.4789115687741288,0.18335991977915564,4.586883690334743,2023-01-12 07:00:00
0.17989415115347845,1.3920022863445993,0.918316606002313,-1.570500603623177,-0.9896281365703375,0.6714465920390752,2023-01-10 20:00:00
-0.3695269288333586,-0.1314725956716678,0.8260471714415063,-0.43676423723821745,-1.6065771007386793,2.8292529463190528,2023-01-21 07:00:00
0.24822058630033608,-0.4593608995402441,-0.8498443694647918,0.8303358165442456,-0.8560838259088672,-0.42044849025693487,2023-01-05 21:00:00
-0.037893081716830875,2.3883719928704386,1.184256645196173,0.7228268949855121,0.11179915820338826,-4.092732988083191,2023-02-09 07:00:00
-1.0138959522925377,0.08568716140335904,-0.9254246260595873,0.2553837556743171,-0.8953463223630241,1.7601923218745523,2023-01-22 08:00:00
-1.0955193888455623,-0.8807540896027302,1.798725018351312,-0.7352010347632466,1.6562082520572956,0.6175979004434566,2023-02-04 09:00:00
1.7473631979155582,0.9321915642603847,-0.23655528721894603,1.1356201471829441,-1.1062935124116342,-3.600216556204656,2023-01-25 15:00:00
-1.6924646297148194,1.5295503194606137,-0.15800789857898942,-0.42688106994742003,-1.0121043752601675,1.7358570098593449,2023-01-06 06:00:00
0.3384964074944141,-0.4152879139008013,0.6327818661062848,2.270692857804396,0.18186625505849516,-2.7752697148153684,2023-01-05 20:00:00
1.5337277099164992,-0.5358014630522978,-1.7073579575929467,-1.1165244399486591,1.2358116200069387,-1.4547860517734574,2023-01-20 17:00:00
-1.3367254388759306,-0.4118233689636573,0.13192796677195706,-0.4545477187434442,-0.218653277435036,2.8607247924606694,2023-01-29 21:00:00
-1.9520877995225019,-0.15178509503558332,0.5883172064845765,0.28099186773503265,-0.6226995198205938,2.8803564613278976,2023-01-03 09:00:00
1.0059245117964166,-1.1274960989530387,1.127908993253569,0.15449366559525113,-0.3365525898781734,-0.4136985486333719,2023-02-05 23:00:00
-1.0701915628943317,1.719040612841821,-0.8963326585920618,0.21930233720043607,0.7918593103880676,-1.4315166631780287,2023-02-08 00:00:00
-1.0276751409259581,1.2657078408647007,-0.8661748482145009,0.9694572005267368,0.42719436187168486,-1.5825668808709845,2023-01-16 09:00:00
0.1605739810498646,0.0030460201534144695,0.43693816974634986,1.1906462747863413,0.9495541354413237,-2.0052484098805894,2023-01-12 04:00:00
-0.7303666317171367,0.21645858958197486,0.045571839903813784,-0.6516003476058171,2.1439440893253257,-1.2471538001423985,2023-01-02 22:00:00
0.23836898273478513,0.9751976297824297,0.5010941699398452,0.1895816165987434,1.0010460925671412,-3.5802275707506404,2023-01-15 13:00:00
-1.889540730945531,-0.4523063192490767,-2.4238793266289567,-1.5839028234857233,0.7604146561442974,5.253953315315884,2023-01-09 03:00:00
-0.048965030858450255,0.7114105794654951,3.112910201043841,0.8080361894020714,-0.8480655980305086,-0.16235113111349442,2023-02-11 15:00:00
-1.5428032182428997,-0.16063111952549436,-0.484173951248737,-0.966246319753254,-0.17537845589869072,2.3914776509897866,2023-02-04 18:00:00
-1.1195461283831687,-0.39352985596972884,0.1786947168104756,1.2292147842970504,0.6030946849488336,-0.33722252637122996,2023-01-31 16:00:00
-1.3118362323501596,-1.0651136630753726,-0.30522470435466764,-0.6095122021592831,-0.186971302985446,4.303842693053576,2023-01-11 23:00:00
0.2658782296520485,-0.4367197360405955,-0.06613261462582246,2.0997217891665154,-0.24702570074599667,-1.5874102793269813,2023-01-19 11:00:00
-1.0240285908863795,-0.2798103423770061,-0.9645377949101913,0.5059655534558652,-0.7282722024066131,1.7917005320314314,2023-01-29 03:00:00
1.221033695525353,0.5820977034686158,-0.22648409884983192,-0.9594392367234797,-0.372206776071053,-1.200638597534854,2023-01-13 16:00:00
-0.24125765461854246,0.6725737012027313,1.8998819348952156,-0.13263374638257355,-0.9745293046706415,-1.5058004249697148,2023-01-15 05:00:00
0.868772500590771,-1.1863364271098544,0.587855888137735,0.6197387847028687,-1.911316891662504,1.8535690076961395,2023-02-10 06:00:00
-0.7257438131534656,0.18676676447707832,-0.7553829323533225,-0.6115178029919482,-1.4066610968482223,3.2888560785522443,2023-01-07 05:00:00
-0.7904744554453119,0.4714683571359957,1.8820244964750337,1.3454200461549777,1.593186626639397,-2.916190089104627,2023-01-06 04:00:00
0.6715311717290534,1.5280313593878327,0.8875039674140593,0.7608466543114778,0.06008599461516361,-3.6393194232878967,2023-02-02 18:00:00
-1.2608839543350452,0.9178619470547761,2.1221561970126332,1.0324652605511468,-1.5193699659540134,0.742709392138378,2023-01-03 02:00:00
-0.8432465953161917,2.1709427174978138,-0.1758858124323366,0.12320480678448567,0.5514853760404675,-2.3545840480575113,2023-01-15 17:00:00
-2.914255989816941,0.5232231857370332,-1.2203206899439758,-2.0173387981224113,-2.832325924984141,8.349725548901377,2023-02-08 15:00:00
0.2110174672026184,-0.09671311187039239,-0.5449190868089497,0.39913611435207086,-0.037634702424848364,-0.5900938769807803,2023-01-06 22:00:00
1.0599363840466218,0.6170059495766975,0.6835693232004776,-1.3659557112005343,1.2119439853864005,-2.3152304534072914,2023-01-20 14:00:00
1.0701502383164274,-0.026521259249060063,-0.8818746512277178,-0.16306696394376388,-0.7449026448064491,-1.1437581279351239,2023-01-17 15:00:00
0.7396531517246714,-1.9093560875072928,1.3183023248526693,0.07268052432934134,-0.4114931445621802,0.8019065071476965,2023-01-27 01:00:00
-0.18289644110484016,1.3748764191481848,-0.6459641791245353,-0.7991920066502536,-0.4827435221820324,-0.6928819856656179,2023-01-14 08:00:00
-1.4635149481321186,0.29612027706457605,0.26105527217988933,0.00511345664246089,-0.23458713337514692,1.6613066340314722,2023-01-01 19:00:00
-0.4151002889633696,0.7007006121205837,2.814654444472553,-0.10434279298689192,0.3933070500053236,-1.9214336483864214,2023-02-03 17:00:00
0.5152943216244674,-0.8342818100346248,2.184096733380456,0.570507208354516,-0.5806483025539511,0.29591237715569585,2023-02-02 22:00:00
0.20475888240178416,0.7658782794806148,-1.6158867874104728,0.29964768783734813,0.9324348709546673,-1.3866447317321247,2023-02-03 16:00:00
2.7596600389110777,0.39241596717876703,-0.5089636257074988,-0.025574312191994436,-1.7690759048891183,-2.4640250839455495,2023-01-17 23:00:00
0.3161559571827783,0.46926758980852623,-1.5355721232071058,0.756788679986982,0.6124687940136023,-3.1831291886839717,2023-01-23 09:00:00
-0.7068925679873489,0.8555556590207121,1.649480894323921,1.0706105599791862,-0.7296024698074095,-0.45814944026222976,2023-01-26 20:00:00
-0.4465149520670211,0.8563987943234723,0.21409374413020396,-1.245738778711988,0.173180925851182,-0.050131683464772314,2023-01-02 14:00:00
1.7945578635177877,-0.5176112990361714,0.2237879516388985,-0.016422896072752075,1.188393273448084,-2.8478309605547376,2023-01-08 07:00:00
-0.12982069973342616,0.0438114719791096,-0.14700200162848862,0.9638791167949097,2.2105230015913513,-3.1676453034646284,2023-01-11 05:00:00
0.6188862980231536,1.638359732270941,0.38130961226478466,0.3116528560047783,-1.5189108250900678,-2.3736074756881225,2023-02-04 12:00:00
-1.342127748485115,-1.365824155415439,-0.14896930976729691,0.5027844268951942,1.7963608229269636,1.0206808018910551,2023-01-28 19:00:00
1.0018248536819372,-0.49757083838520716,-0.782003492511037,-0.7597031174802871,-1.7710685530880912,0.8965642538044453,2023-02-01 10:00:00
0.508608373233442,-0.4303093199546424,-1.4840566649243352,-0.2084682105404079,1.2066081548639151,-0.704623076459771,2023-02-05 18:00:00
0.7077519354554754,-0.5624667758942676,0.632407739055521,0.9725544496267299,0.6218099622171964,-1.7407112688015223,2023-01-07 10:00:00
0.28257995048829965,-0.24869112618354708,1.6073455760199926,0.49097495163825133,0.7348777860498175,-2.4152145851174436,2023-01-12 23:00:00
-0.09363618873917084,1.32579664754219,-1.28716356858425,-1.3971181851129912,-0.5835993263460049,0.35108403343951156,2023-01-26 02:00:00
-1.097302527632844,-0.5888668267386961,-0.8372624310497003,-0.6078752606758179,-0.5391227031489786,2.74516675901906,2023-01-24 17:00:00
-0.1581538443723203,3.2430929695947333,2.3079162506161106,-0.18144906924751675,-0.10633700253131496,-3.535112260749323,2023-01-31 23:00:00
-0.5017570435845365,0.9154021177020741,0.32875110965968446,-0.5297602037670388,0.5132674331133561,-0.49213546786193,2023-01-01 17:00:00
-1.6548566718657693,0.8231705839619146,0.07331796718840389,-1.2899608997410539,-1.295078772063616,3.159845269409071,2023-01-06 07:00:00
-0.2918112689155441,-1.563190808696657,0.883109777147159,-0.07783719701280203,-0.18047991359062565,2.2875563313997525,2023-01-14 10:00:00
0.14171691363990474,2.319329539981694,0.39331783939437187,0.1920491164900316,-0.3091164642025014,-2.3936719384506704,2023-01-11 15:00:00
1.503419828428999,-0.3301200939664503,-0.2116669819311769,-0.6277339060845056,-0.2880388739220764,-0.3620624992739123,2023-01-28 09:00:00
-0.15830547800966377,-0.18385389315920966,-0.8456731044941129,-0.014098965906671578,-0.0626482221218215,0.7928181553584545,2023-02-10 04:00:00
-0.24123605785632987,0.3520553965142968,-1.251539424190444,1.4437646040732595,-0.0821511783925688,-1.364040728746386,2023-01-08 22:00:00
-2.211135309007885,0.23561455810856594,0.7708651938869668,-1.4785862457798415,1.143754043206929,2.623376295100254,2023-01-05 19:00:00
1.2005316584738726,0.14035986984804696,-1.9670697035871523,-1.1171864617070024,-0.1858457521927473,0.42886480038361696,2023-01-26 16:00:00
-2.4883273534129895,-0.6582484123338483,0.4535087125544674,-0.9822940342546795,0.058984221589597374,4.359212582788819,2023-01-26 06:00:00
0.3686733088729012,-0.3933388123273607,0.028744822934817487,1.2784518626072987,0.19109906801990334,-1.1646725210280313,2023-01-08 12:00:00
-0.4532280493272752,0.6963874474567153,0.9553052085705107,0.08840688629184736,1.4775300810552618,-2.6985189778640146,2023-01-13 13:00:00
-0.3256110521485036,-0.1643352058853912,0.21209335307417523,-0.9933586995819507,-1.0158788269899783,3.465180594675498,2023-02-01 15:00:00
0.23278674294016363,-0.7567639770159263,-2.1899217049785533,1.1945922205137307,0.9583858198420424,-1.1243746409830255,2023-01-30 16:00:00
0.73463754545933,-0.9858038086678267,-0.2841550979287972,1.1947628618769377,0.8946471875738723,-2.835234514740633,2023-01-31 03:00:00
1.063940987560856,0.2525688459966235,1.3845320475939062,0.4441983272906719,1.1013229577357622,-2.4336335275558794,2023-01-29 13:00:00
-0.009844808650383004,-1.6885051880685,-1.1200474224698722,0.6709112482768751,0.6037905202778941,0.4882324733424165,2023-02-10 19:00:00
-0.6256772874962124,-1.3192471945987674,-0.20298063739565708,-0.8000385643976464,-0.0635245746153551,3.517392361143505,2023-01-22 13:00:00
1.6637328321434735,0.30524312653135294,0.5873916998060122,1.41418728833109,0.4473939370689756,-4.85231559291399,2023-02-11 00:00:00
1.088950596967366,0.06428001909546277,-1.0777447779293061,-0.7153037092599682,0.6795977489346758,-2.331197521318927,2023-01-02 21:00:00
0.5843141664353099,-0.10047572057170515,-0.057390703001542406,0.41055008532761655,-0.2310694774576803,-0.4555552042485425,2023-02-07 21:00:00
1.0807807255546218,0.8339221545489041,0.4591800792284367,-0.07016571145864703,-1.6609609335159914,-0.798325812757826,2023-01-07 13:00:00
1.0354434164169448,-0.8360621521000247,1.4244958212469476,-0.09170602414512598,-0.8877695115385407,0.5229510390410838,2023-02-05 11:00:00
-0.5707462937494763,-0.8323555731042287,0.4714155563864041,-0.5522230442809712,0.6329318177555108,2.093878794228435,2023-01-08 03:00:00
-0.21967188783751193,0.3571125715117464,1.477894044741516,-0.5182702182736474,-0.8084936028931876,0.6390174500178628,2023-01-01 16:00:00
0.5346290861224353,-2.6357477390168778,0.003375506597160999,0.32782117284308526,0.9242701395378298,0.9544693327988685,2023-01-22 07:00:00
-0.7925207384327007,-0.11473644146689901,0.5049872789804571,0.8657551941701215,-1.2002964070557762,1.8016101741613326,2023-01-03 00:00:00
2.343654052812625,0.8707466445884032,0.94881309647162,0.13069002446438233,-0.14152575336694828,-4.8261599303850975,2023-02-10 11:00:00
-0.9928660010855455,-1.4452052644122255,0.6662696720435232,0.5779785236395572,0.5773635251066616,1.995151889832358,2023-02-09 04:00:00
-1.1119670257741636,1.4641772387524374,0.996858773465808,0.2806364044901364,1.7586204841951334,-3.2081722291756756,2023-01-22 11:00:00
-1.2699985973938759,0.6688401305462182,0.6719446078144975,0.3842020720058965,-0.9944285217997922,3.0463657444064185,2023-02-09 16:00:00
-0.7217375533372533,0.17682087213939798,-0.5466800845872654,-0.2716551103260533,1.673452090298537,-0.9469220985008141,2023-01-21 00:00:00
0.9278401280812372,0.0570131248970845,0.26859227886325693,1.5284684264125317,0.5078357562896237,-4.026320137229808,2023-01-12 19:00:00
1.0683793336940164,0.604120889588518,2.303638752104789,-1.479444223139724,1.259233239786799,-3.348217413278812,2023-01-30 22:00:00
-0.40436199269002276,-0.6862791357550845,-1.4326712897396527,0.1458364702153839,0.5852994365163381,0.7066031357654785,2023-02-06 13:00:00
-1.146345393018688,0.30263546523903323,-0.7542758500193579,-0.06413834659299254,0.3287624103034804,1.1830023745576974,2023-01-10 09:00:00
-1.5506634310661327,0.06856297480602733,-1.0623037137261049,0.4735924306351816,-0.9194242342338032,2.909142741648844,2023-01-02 02:00:00
0.015182942540433121,-0.9748065759228419,0.6455877121741934,0.019381237698025213,-2.3203155982304233,3.7161868095388066,2023-02-09 18:00:00
1.5334337012963255,-1.423957152450145,-0.2666523292344148,-0.42924442029866183,0.5885532697707198,-0.0712630883556909,2023-01-19 05:00:00
0.29497145570882155,-1.4972576451786446,1.2809395766667275,-0.6654222981294605,0.7219034854381414,0.9954156768078544,2023-02-09 15:00:00
-0.13125696709230472,0.07685188295876821,-0.22485598180807856,-0.6500025808234597,0.16865467196672768,1.0354961160189218,2023-01-16 04:00:00
0.015579047581467534,-1.0962750868952018,-1.4400508825942944,1.5945050632249722,-0.8469613483183278,1.141650550261431,2023-01-10 13:00:00
0.714000494092092,0.47323762457354485,-0.07282891265687277,-0.846793718068405,-1.5148472246858646,1.7597534134098893,2023-01-02 13:00:00
0.2412402484067293,0.08450514569286258,0.7979945496122363,0.9235086160473687,-1.0506233218278012,-0.8793516143929084,2023-02-10 05:00:00
-1.1057046684859357,-0.21492103028873533,-0.30803428418574125,0.7796605322693398,1.3103087461196083,-0.47000683797677356,2023-01-16 14:00:00
1.0971527117536957,-0.47883745600840416,-0.8627757640431206,0.6934789119139937,-0.3920126399191296,-0.4052829583902757,2023-01-20 13:00:00
0.09297924652940966,-0.4684961133603157,-0.758765257935375,1.3508523306990055,-0.6536791406374189,0.1989950780825172,2023-02-10 07:00:00
1.0753434019568977,0.2106684652031108,0.20953423026279433,-1.0916251721591026,0.23384802578959837,-1.1035884846497461,2023-02-05 10:00:00
0.5027448074908146,-2.4932708203300775,-0.965664803523208,1.6291663649009451,-0.581782033392054,0.8701775024800382,2023-01-30 08:00:00
-0.626315276183007,0.49406391897551966,-2.854626662904391,-0.8568518651277993,-1.1260539609110503,1.3059914875301142,2023-02-05 01:00:00
0.12810441491078928,-0.6810516574748808,0.8406435489887241,-0.6526239793023909,-0.4461834332147797,2.051263703940438,2023-01-09 02:00:00
-0.13213658890154725,-0.5237313027714218,-1.3585740152574743,-1.0797363212758484,-2.0217986399619474,4.171226369181312,2023-02-05 14:00:00
-0.01987363536831157,-0.10726476581094174,1.220282896417717,-1.0766791274710135,-0.7625192391465982,0.8325252176901141,2023-02-06 00:00:00
0.3278795241593574,0.08589300629333041,-2.219300372747535,-0.22979963057519381,-0.8514064342603136,0.9189820154209697,2023-01-21 23:00:00
0.5309756619640905,-2.1782113197314303,-0.5294669635070083,-0.561842099351699,0.4793609534294223,2.6823902244754523,2023-02-10 09:00:00
-0.06040372919690829,1.1277802506338985,0.0861108682589779,-0.7469232850701676,0.990166238959289,-2.5037707310499306,2023-02-04 14:00:00
3.9262377064363267,-2.0841129394985884,1.7246966497611085,-0.28744751940035557,0.2873289044030093,-2.4669917574387754,2023-01-25 03:00:00
-0.8063769291180498,0.07569494000509344,0.6855897462984164,-0.1416485860101269,1.1663705456692521,0.31809120006568414,2023-02-10 08:00:00
-0.18687164416135904,-0.4397310582741749,1.4469778843537329,0.19655477651157463,1.0318445394686349,-1.0850835639301355,2023-01-07 18:00:00
-1.040193719815898,1.945195074276933,-1.8210860692944963,-0.5976676832548571,0.370211889941741,-0.666853250777807,2023-02-07 20:00:00
-0.5756378262377739,0.12200981464536144,2.5600845382687947,-0.09605989972464987,1.1492733262856758,-0.8881771058650058,2023-01-07 08:00:00
0.5925672738473307,-2.704391631602775,-0.6298845523638104,-0.48827384245154465,0.6333268260712385,2.7806919265799954,2023-02-03 09:00:00
-0.2357112448566685,-0.9394632419859826,1.119244917564096,-0.294455757588034,1.452755545126183,-0.18788297717987984,2023-02-11 09:00:00
0.47154238041820573,-1.8311448783383502,-1.2284438312657626,-2.0755880090785332,-0.08606969279089306,3.828476667550958,2023-02-01 11:00:00
-0.4118769661224674,-0.48760622407249354,-0.4325581878196209,0.39445214237829684,-0.42098448082026296,0.8097177793680016,2023-01-05 15:00:00
0.32135721545027307,0.42192075423528475,1.613711269058647,0.45353430151397983,-0.24415663529064868,-1.006190955384961,2023-01-10 10:00:00
0.1455211977682408,-0.6141225650083162,0.14098269961206,1.5886269280435958,0.6954024745502987,-1.7858800650922448,2023-01-29 16:00:00
0.755391225825756,0.5009171876243808,-0.977555244798551,0.09933230542922587,0.751387123371789,-1.718645136030111,2023-01-05 07:00:00
1.6426729532559634,-0.9006207346478687,0.638391925608383,-0.3286184757489846,0.6031874310823431,-1.102627424926057,2023-01-18 13:00:00
-0.07576428653545988,0.6704806172412126,-1.0718572330401555,-1.5537587660160643,0.8178896580250287,-0.2586006129891942,2023-01-18 11:00:00
-0.5859276733177553,0.32910677871012955,1.2528426344274837,-0.4482246163001494,-0.6922503292658964,0.42675688057332184,2023-02-01 06:00:00
0.8691545924968965,-0.4555395260238707,-0.8892408282283243,0.9553005582377528,0.8760467925297942,-2.872064885125883,2023-01-25 10:00:00
-0.5561187467607805,-0.13006029355362003,1.669069525826331,-0.9425580057918763,1.6147787907098514,-0.3531314052759673,2023-02-02 12:00:00
-1.153332403205745,-1.6873443471107104,-1.7938924978678903,-1.3554475031122892,-0.7090209576304904,5.808445967676042,2023-01-29 00:00:00
-0.510016398854747,-0.26987493529337125,-0.9787637157823074,-0.4442932600761116,0.3773004930448522,1.9387072732079091,2023-01-05 23:00:00
-1.2477831819648495,1.6324113039316352,-1.4301413779606327,-0.44004448669698376,0.13074057728609134,0.4703985618750972,2023-01-03 05:00:00
2.632382064837391,0.4933179008808892,0.1848361236948739,-0.8583577801812136,0.7003098794089914,-3.8979704149999503,2023-01-07 07:00:00
-0.19382613877280352,-0.26451484131061076,-2.0038623644067535,0.6354180302092264,-1.2392583948534726,1.9050617025946233,2023-01-17 19:00:00
-3.1704257358780557,0.21060083929764178,-0.4884760801103597,1.592669998282884,0.01934407081175429,2.70059765438849,2023-02-09 09:00:00
1.5739867632900328,-1.2257656630023412,-1.4643748802098202,0.22445181855997204,1.0470983026121545,-1.2667846499812523,2023-01-09 15:00:00
1.4185313451480366,-2.4878086565350794,1.2769653860881878,0.33802348110170816,-1.2070216478572156,2.0144048537590815,2023-01-28 10:00:00
0.5583364232117055,1.8566474365619547,-0.4817659710934752,0.32445860435251705,-1.803862792562365,-1.553814583133331,2023-02-05 03:00:00
-0.9938626748348534,0.4201915428949916,-0.856498237409199,0.0976703767483354,-1.2644984069549656,1.9308776145196633,2023-02-01 18:00:00
0.7384665799954104,0.1713682811899705,-0.11564828238824053,-0.3011036955892888,-1.4785219903674274,0.2988595237356543,2023-01-01 08:00:00
0.9567031863856584,0.5169465157483709,-0.2215132629521239,-0.02230028371805305,-0.6888855425754056,-1.5714235292353778,2023-02-03 15:00:00
0.6256673477650062,-0.8571575564162826,-1.0708924980611123,0.4824724152431853,-0.2234627853258509,0.6726554234632892,2023-01-02 12:00:00
0.4367385517335095,0.40429475496169764,1.235782191822154,-1.0710536796490489,0.6802161054504494,-1.0528211489408654,2023-01-19 20:00:00
0.1480894197982762,-0.8810683366612923,-0.712220763649051,1.186734620177331,1.4363354057059785,-1.1278622665329625,2023-01-28 03:00:00
-1.4137144969049802,-0.11122606134870032,-0.9039076414647897,-0.7355299425897666,1.2360931752104374,1.6806602286338823,2023-01-11 13:00:00
-0.12174750838328353,1.513449743242131,0.6308116845547775,-1.024186824329205,1.8540925663341883,-3.140205757821553,2023-01-13 15:00:00
0.8580141953021454,-0.8281962729652346,-2.018487864388638,0.14506374595938162,0.7931756882186773,-1.8542293203661626,2023-02-01 02:00:00
-0.513196364513396,-0.7179188907476018,-0.23052462518025083,1.1797252083607102,0.1941076309533577,1.421149699990052,2023-01-24 19:00:00
0.2514736089405121,-0.1942691319785193,-0.7557915001583629,1.0487071264165635,1.6554071130882952,-2.1296108088284273,2023-01-26 23:00:00
-0.3600392687569827,-0.7280770978553212,0.3733485597113982,0.3123782104665717,1.1927351654164144,-0.043350396034302796,2023-01-31 12:00:00
0.2887280030098363,-1.1571166187132709,-1.3331283547778066,-1.551512249058929,0.6620518347584732,1.8701338331637563,2023-02-07 03:00:00
-0.025026958745143917,0.8177662992002871,1.3902075490173134,0.5578103063518622,0.010352619843380607,-1.50631078365189,2023-01-11 22:00:00
-1.371673697230466,-0.7094410024275466,-0.2885486958757048,-0.7837535211244283,1.7349365758368085,2.6599267341361745,2023-01-26 10:00:00
0.9325908318730899,-1.4183657329330317,-1.7608088119807759,-1.5256563145700948,1.262584103427182,0.6537613026874662,2023-01-13 09:00:00
0.9653974845911707,1.2361307218062179,0.08865759096143744,0.1973157074055956,-0.6176518954343502,-2.6900597858877284,2023-01-18 06:00:00
-0.9232332461109043,-1.3516846056163336,-0.9758732529773327,1.0536417966078395,-0.949398888831943,2.5021891267833496,2023-01-07 06:00:00
0.3791531187261241,1.2302221756507876,-0.5969742867210739,-2.390304367469438,-0.41222074502447015,-0.10363278306976409,2023-02-02 20:00:00
0.18517553682991406,0.42544486418417227,0.22228985580085406,1.2788658133133932,-0.952316380738797,-1.7804949254574154,2023-01-27 16:00:00
-0.7613552698089406,-0.8782632528234666,0.09988695440921298,0.48074457976798396,1.4967104074459814,-0.3879349806484884,2023-02-07 01:00:00
1.75547569831549,1.5730197252148563,-0.46580556911816284,-0.15083771156669531,-0.0739475656083926,-3.8987596075161575,2023-01-23 22:00:00
-1.7811584144656334,-2.230468019124459,0.22668424849459717,-0.5615577463306254,-0.5530898169141323,5.138291310109722,2023-02-06 22:00:00
1.7495839042054206,1.3814540786904865,-1.2922626951056186,0.6897078052451944,-0.5029747705513431,-3.5459428511282063,2023-01-21 08:00:00
0.472597482413043,0.25602973431387566,0.9826909839455139,1.6654744444625766,1.0143700650181304,-4.135918705458803,2023-01-07 03:00:00
0.19584525509768155,-0.978372777615032,0.40825275571447184,-1.7025836042378404,1.0291556373256436,1.7043189612479464,2023-01-07 02:00:00
-0.8239354869719996,-0.7191094514491859,2.049812095785926,0.000682818957482628,0.7821300015314592,1.1562528994731147,2023-01-31 00:00:00
2.154928677383142,-0.3152966552861244,-0.941022700666379,0.24608361531640882,-0.8022800271395435,-1.9226010869813914,2023-02-08 19:00:00
-0.3150867311941086,-0.5717460419560614,0.33260751032419755,0.9331280723410693,-0.22272070077660705,0.6423522485584046,2023-01-31 19:00:00
-1.0753123930492379,1.676393027208203,-0.9455068799427312,-1.1533505105959594,1.1373145423647293,-0.29373554754781245,2023-01-28 11:00:00
-0.1044492185374715,-0.16882172319001063,0.07005216311318138,1.1618783026081905,-0.9273531341905741,-0.13407383688949898,2023-01-15 12:00:00
0.4215866106144557,0.8389405004696122,-0.6172531865469232,-0.5583017539460305,-1.100154232971695,-0.06084843599411935,2023-01-20 07:00:00
1.0800480657146485,-0.4473218956587512,1.281016361735113,0.0678555105274033,0.8527736751222195,-2.3336733162206413,2023-01-14 13:00:00
-0.5551995266931984,1.8811570694405901,-1.448013900416244,-2.198805956620082,0.4400144500533324,-0.3786794415639513,2023-01-08 18:00:00
0.1292211819752275,0.10939479460489289,0.725766623898692,0.4810092317367132,0.22388402427913137,-1.527136700815813,2023-01-06 03:00:00
0.4935602043342916,0.2908970575900059,-1.9955317804517385,-1.1212437400943918,0.9294099847908155,-1.145978160970964,2023-02-05 13:00:00
0.6102161695892225,0.15697296096843422,-0.5865312695639355,0.224216404290793,0.714609790636618,-1.8682723713765288,2023-01-26 08:00:00
1.1033018820165215,0.11422764866203965,0.1503017614618776,-0.36361221221385587,-0.056945623721067457,-0.7320533318986386,2023-01-06 23:00:00
-0.2656045602861052,-0.39987823866837147,-0.11464083550639245,0.26426827164563654,-0.15011695125380659,0.7934145560958336,2023-02-09 22:00:00
-1.1583646891925428,1.5033983017671506,0.8773622905756714,-0.22096417382966393,0.02688583899453078,0.3113440326561051,2023-01-09 05:00:00
-2.049941278577478,1.1590740649558977,-0.336254738681072,0.42548993324023027,1.197246923645228,-0.15056855087909582,2023-01-26 09:00:00
0.1846803058649084,-1.3471262895296965,-0.9716140385106515,1.2004139079444254,-0.6568942789713957,1.8279387991683826,2023-01-12 15:00:00
0.5885784044206096,1.6699045043514062,0.3946715298229811,-1.1958830620351844,0.4446026682201407,-2.2122056345799277,2023-01-13 05:00:00
-0.6751782749743815,-0.14451867071551783,-0.7924199209999613,-0.3079615296390403,-1.8936146669537857,3.528652249135062,2023-01-17 16:00:00
0.6543656563540577,-0.05558467091045507,0.2799686263198203,-1.1254890472983765,2.4457519796168263,-2.5144306143937625,2023-01-06 02:00:00
0.27902152577033923,0.6078965097165392,0.1866091231563581,-0.44643361455052827,0.19408999289830758,-2.195451749755358,2023-01-08 15:00:00
1.3173940656343257,0.19759960469239965,2.0752608726252655,-0.6891878180895679,1.7359638031652493,-3.103853471001178,2023-01-09 10:00:00
-1.5981243518837476,0.46217266608194285,2.0243096232868525,-1.3631740045928105,0.18970616761039566,2.543370638846463,2023-01-19 06:00:00
-0.5574917850078336,-1.3698029795790778,-0.08828204835125482,2.5797093376543185,-0.8036745679697308,0.6513440402571495,2023-01-11 06:00:00
-0.31607285602704976,0.6157711497711416,1.2038844371688162,-0.13944627568099954,-0.4501892648514116,-0.48253511122456266,2023-01-18 07:00:00
1.481960768436536,-0.28321803894523256,-0.5655763678739903,-0.4713157211511179,0.718417423471641,-1.2293170616681204,2023-02-08 20:00:00
1.1717179147161596,-1.1761733365547806,0.4875602970867186,1.1818910929599615,0.4809080927488954,-1.9772722415966248,2023-02-01 21:00:00
0.1680153405325285,0.9452115346114836,0.5008315910042116,-0.87847380134206,0.7424589135926203,-1.3914508491917013,2023-02-07 18:00:00
0.49150564724678364,-0.009288561567815747,0.30698107268623775,1.813407698515423,-0.3428788615575641,-1.6851275936693804,2023-02-04 19:00:00
0.6958638390937854,1.1734422766324448,-0.2725447213618092,-0.3405987069098615,0.5001430331138838,-2.8874791908431163,2023-02-06 23:00:00
-0.2727235697476705,-2.6968866429415717,-0.05429486651781221,-0.23093453020867796,0.6962063648134184,3.542880812351192,2023-01-06 09:00:00
1.3305749040390402,-1.1967886464263116,0.8936976893891109,0.8929538701087693,1.8296202017160872,-3.6443195491021347,2023-01-27 13:00:00
-1.6075598643689741,-0.7627247785662142,-0.7691423497872982,-0.9399031011088647,0.8294748419317485,3.167767731727562,2023-01-17 18:00:00
1.855503314794263,0.22423474453529177,-0.3464265060068996,-1.611567359102828,-0.26265952031616774,-1.1288406791365428,2023-02-02 16:00:00
-0.524662407066803,0.4936548476431509,1.2960630617813962,-1.1071568168024517,-0.36550593698526584,0.10377187979279134,2023-02-02 02:00:00
0.07287409801551539,0.0731969910016945,-0.15024298879825998,1.191707497107065,-0.08371795984921201,-0.12309283804817528,2023-01-31 15:00:00
-0.5706404302001128,0.8524686434329506,-1.2291835978004162,1.4521176991825604,0.014149264965758293,-1.8111528267253736,2023-02-08 01:00:00
-0.08071658010858232,0.07863519031609059,-1.9982006845321076,0.9163276747024814,0.3464884758979927,0.1076616349897952,2023-01-10 03:00:00
-0.6769951384585313,-0.772659445270824,0.8301918118626102,0.9003985883950636,0.4512253193185082,0.3529537791182873,2023-01-27 17:00:00
-0.22153659758373817,-1.176962112769968,1.8205439079418155,-0.5663945912147232,0.8316167861804036,1.5346937631263575,2023-02-08 03:00:00
0.32208231076698546,-0.01109200394860206,-0.8130143722601298,0.8232799156777053,0.2257615231117544,-0.7344836904610168,2023-02-01 08:00:00
0.8622235118869771,-1.4162270557926455,-1.1511537365528692,-2.839078659485427,-0.809380821082754,4.064453363147337,2023-02-03 14:00:00
0.15808922532318442,-0.2775442563155516,1.2912738390158789,0.4217800742508709,1.310191908080897,-2.0205912601830773,2023-02-08 07:00:00
-0.4835614838465371,-0.6121669171548207,0.4912076654119963,-0.35802937974698623,-0.13939720066323416,1.6224413320865165,2023-01-27 00:00:00
-1.7422216926352752,-0.5460417988167212,-1.0921212003485672,0.1353383478922909,0.9944473755089074,1.3453497043482243,2023-02-06 10:00:00
-1.388542553831211,-1.60027110450371,-1.2172826922204794,0.15946250680412918,-0.8927875154918841,4.005211793622761,2023-02-01 16:00:00
-1.2295495944524168,0.4966992232365217,-0.46531045678005334,-0.10594835430413566,2.6443433470170348,-1.6693976564408597,2023-01-17 02:00:00
-0.47579544400490115,-0.8261119917145421,-0.6870140996994973,-1.3505559643429832,-0.07587145068502332,2.579860408704008,2023-02-10 12:00:00
0.43295982536069616,-1.3776175007542373,-0.5647740041709423,1.0213832954293984,2.088442772869925,-2.8873032608283347,2023-01-22 05:00:00
-0.33708597111803934,-0.6134026635409398,-0.30246968648812833,-0.38817681854122876,0.1704162223754877,1.6029278057210044,2023-01-12 03:00:00
-1.031955242094435,0.5954908976392573,-0.5898947564628909,-0.13216935564437185,0.07227896538428889,0.9090785755910414,2023-02-04 03:00:00
0.47240627788037737,1.484116028535965,0.35561334878566,-0.31305803052315434,-0.0007085945766459172,-1.685154299254125,2023-01-19 09:00:00
-0.6058608207588934,1.7193779062072967,1.9925153531681183,-0.7666565877833479,-0.5495571359085801,-0.8244634169905398,2023-01-21 16:00:00
0.2897748568964129,2.075400798645439,0.8711247034316923,-0.32602353216784113,1.2012139221639448,-2.860612184567507,2023-01-05 16:00:00
2.052972024501663,1.088769654216672,-0.37630072492499606,0.018819049740598424,-1.1716543473175618,-3.0056078235449033,2023-01-29 19:00:00
-2.499405714873573,2.2909425725907417,-1.389572466763596,-1.6453987469568918,1.0225704320096403,1.0541481284488994,2023-01-10 16:00:00
0.02731337985143867,-0.04737070254443595,-1.5821767633461272,-0.9403989164843533,-0.5607609069798603,1.4003563806230979,2023-02-06 05:00:00
0.446872500802698,-0.34254920085776497,0.1704637709965709,-0.9627325652846123,-0.20661127969604665,0.24484603146530792,2023-01-26 07:00:00
-0.16563141031763223,0.0785770297191498,-2.128734094414812,0.4581681147886987,-0.9797212247168068,1.3091925078292497,2023-01-28 23:00:00
-1.6624919880356743,1.0325462043416573,1.1267051368275833,-1.0909664302151982,-0.4108142879545848,2.105696168735552,2023-01-16 13:00:00
0.9282456913443246,-0.49653173548196905,-1.1534924259847839,0.2678436378663333,-0.8235349706258495,-0.45031155567111225,2023-02-10 21:00:00
-0.2563406783724922,-0.5380477584901385,0.7978437798957666,-1.8593367716600575,0.045491476330752,2.0312484000158784,2023-02-05 02:00:00
2.439752406339273,1.3842728185105182,0.5639091200523596,0.594754341665286,0.8534155587803077,-5.6855168702004795,2023-01-10 17:00:00
-0.33638694541113623,0.9603047962814704,0.46248362406685406,-1.1793691216326172,0.1722543864110375,0.23853135158738803,2023-02-02 17:00:00
2.1650560678066024,1.190548594343596,0.2125740306322149,1.0269862633197322,1.105900424357309,-7.236458295107858,2023-01-29 04:00:00
0.6931056072631441,0.1764415552772252,-0.3670278390833223,-0.8275902206487197,0.08614388304637476,-0.19198247095192134,2023-01-14 05:00:00
0.012499321907250335,2.8684030556667683,-1.6685992588781953,1.0587285298838789,-0.17280173739646437,-3.9177791648576594,2023-01-28 00:00:00
0.8250982646676347,-0.8671302157109003,-0.6581164890752567,-0.30372602877666466,-1.345870923473215,1.9965190770756287,2023-01-18 02:00:00
0.39542098538803816,-0.9575689550152119,-0.5893322314273619,-0.4586386361010845,0.8567024802425557,-0.5439598416236249,2023-02-07 10:00:00
0.3131321400131553,0.6870657958589163,1.466540859278603,-1.1115802495135512,-0.035825578706462934,-0.43985521359060303,2023-01-30 13:00:00
-1.8751724696457446,0.11502607914741717,-0.1601327955666404,0.6713400764504657,0.21319662823768915,0.36960620265501554,2023-01-15 22:00:00
0.3885786045309641,2.4929995174327906,-0.006070911539893324,0.8384907744516419,0.08182935854756501,-4.587543142994006,2023-01-11 18:00:00
0.9955815140020298,1.7031726099180378,-1.6380290574360168,-1.7863754653546866,-0.6220348055543814,-1.6430488357684387,2023-02-01 00:00:00
0.4430021304473752,0.9515497705740428,-1.0211624575603002,0.47347189903522846,-0.26764109089879357,-1.451048487534089,2023-01-27 03:00:00
-0.6065033882157397,0.4559041951707027,-0.45909031021899177,-0.6946003691631446,-1.1543626682329844,1.1065564546759954,2023-01-27 08:00:00
1.328194141849058,0.5562300094006599,0.45588777208160763,2.165002344901084,-0.643518230380143,-3.425703303048154,2023-01-12 18:00:00
0.9648516330974576,1.6155828235482317,-1.234348871879922,-0.5924642591528942,-0.02640575695892703,-2.227164993010783,2023-01-16 16:00:00
-1.9792998103757877,0.7479102561175338,-1.0727430257398065,0.23924686411114954,2.0740826697499735,-0.9711510527406626,2023-01-17 00:00:00
1.1055259329579838,1.1870303055603801,0.6387302220291846,-1.1430049127304835,1.633431532301096,-2.6063767086744907,2023-01-10 08:00:00
0.249548189598077,-1.183056184734389,-0.25276325509618536,1.029413100955326,0.796701927070742,-0.06135282972182732,2023-02-09 17:00:00
0.5720062783004729,-0.7047284356108838,-1.5375847964491753,-0.1449045790814313,-0.44594371386116016,0.6062877485359048,2023-02-03 22:00:00
-1.0293715081820716,-1.3526702858435344,-1.5223591862178911,1.1126883749899252,-0.6292633936927887,3.2317571281092103,2023-01-20 16:00:00
-1.616310608436588,-1.053682419146354,-1.067802921579193,0.9503075919735757,1.7106133725819253,1.178081101050026,2023-01-15 11:00:00
0.4826878872092127,0.4200944904518413,0.606850593215671,2.0565435648295414,-1.1308884353259157,-2.08148423551983,2023-01-22 01:00:00
-1.8800100339077637,0.7127120288613313,-1.8831502080585838,-0.37231905293792283,0.4373131870389607,2.2895142747048984,2023-01-27 15:00:00
0.5433908278718096,0.003147726906326633,1.229990368438683,0.9826831427699412,-1.4000707231830092,0.22755454477246806,2023-02-11 03:00:00
0.8139808601977412,0.12861745040496653,-0.22565638071225164,1.3890243629627617,0.6373246830230725,-3.2104214000840936,2023-02-08 16:00:00
1.144293068559939,-1.387868550455802,0.7638603516334226,-0.05310680169691065,-0.5509818035382495,1.6801597779399904,2023-02-07 17:00:00
1.279464931657751,1.0417246640588513,0.5835443030118876,-0.12951724686344077,0.5798572852951321,-3.791689599798746,2023-01-26 19:00:00
-0.10128071870153288,-0.5984375805810469,-0.9665878909853152,-0.0681234251679531,0.3639706308527381,0.27109954844084927,2023-02-05 15:00:00
-0.5791241096357465,-0.48083378951197936,0.696167997159289,-0.5176925728692147,-0.08809124402907328,1.9169766060739244,2023-02-03 11:00:00
-0.9878733409007492,-0.8468509661253646,1.2496189052966666,0.7793490039053323,-0.03901951937754412,1.9746547062526218,2023-01-27 21:00:00
-1.5708814571259122,1.355572935710348,-0.6108576398050658,0.5044832563830169,-1.5630343065712535,1.027676934093364,2023-02-05 06:00:00
0.8745170741325226,-0.6497652268482671,-1.2032008553891445,-1.042044412243103,-0.48720292119492714,0.993928709184303,2023-01-24 04:00:00
-0.30561061415380336,0.7309589763762161,-0.6506598273683837,-2.0903028988531567,-0.1702582467959055,1.7232013324800333,2023-02-09 21:00:00
-0.4997301761516306,-0.5262478565174211,1.3883377782084478,-0.38502181171286365,0.38298898474092846,0.9230939373973301,2023-01-25 01:00:00
0.19157739619408962,0.5062409893059261,1.4473056993918065,0.5681032051286461,-1.0496554989099411,0.06096556720094959,2023-02-03 03:00:00
1.3686315575323487,-0.9649234605801045,0.6860514599984393,1.0584244868495878,-1.7587394864231143,0.1311537670568098,2023-01-04 13:00:00
-1.243863235391285,-0.6929051977959073,-0.7184072655691974,0.8949243769444413,-0.2949496782920278,1.8823516087594323,2023-01-11 02:00:00
-0.3270173176097711,-0.21345677935043825,0.4961991873633163,-0.535316712567659,0.5114995753618614,1.7375607598806706,2023-01-30 02:00:00
1.0531528533329035,-0.03955515385665504,0.6815006973726244,0.028318376130461172,0.02975613949574519,-1.8470424705217448,2023-01-07 15:00:00
0.7045065398247231,0.7890566873755189,0.08382662792936094,1.4104591452035038,0.4097627959594974,-3.8352300201958744,2023-01-22 20:00:00
0.8271832490360238,0.01300189187790702,1.4535340771573169,-0.2646568332379561,2.720169166589619,-4.670498702664578,2023-01-02 11:00:00
0.38680852068920263,1.090980425185967,2.012270445700765,1.0237095461069814,0.24930859564172886,-2.4894364578101618,2023-01-23 12:00:00
-0.6231405264247644,-0.5554771191602547,-0.6373871273065177,1.1890165311075518,1.4205042479898549,-1.8655644810420888,2023-01-08 02:00:00
-0.21566763754763232,-0.8729610904537004,0.8814075289235711,0.7211353625455816,-0.9162741005637249,2.23221889080157,2023-01-28 06:00:00
-0.4949654803680731,-0.49757249830921385,1.149672018878747,0.2965769385303051,1.2676515111879738,-1.7227375028924234,2023-02-07 02:00:00
0.20323595458603103,-0.45763324933761523,0.18568858041873892,1.5091310134045506,0.605606232631313,-1.0192802729456876,2023-02-05 17:00:00
-1.1794596645077804,1.4350873992222355,-0.34730228895784293,1.4532754760425446,-0.07823065905851781,-0.8431611045592937,2023-02-05 07:00:00
1.0071572005966691,0.5179947763914519,0.02620475277403566,-0.30356432526591504,-0.0809173376626882,-1.5133900670390996,2023-02-09 08:00:00
-1.2578681559088878,0.7313802525749924,0.5904220612514635,-0.1421465369405461,0.33868731792169,0.2817917141569408,2023-01-31 13:00:00
-0.24903603955637832,0.5765569630557664,0.3112501545435361,3.0788808084552377,1.1195749114345768,-4.611630432321123,2023-01-04 23:00:00
0.8141517621182666,0.48206672733538614,0.3687331473175197,0.39379729821625153,-1.92767257934561,-0.6870417860728915,2023-01-24 11:00:00
0.12522450264790727,-0.429405541125253,0.12229750303228377,0.5432980290363879,0.04886007032570433,-0.36709231563587685,2023-01-11 00:00:00
-1.4359095238685275,-1.3158158164275071,0.2810092502818063,-2.132595626154836,1.0126374096440718,4.538614677258001,2023-01-31 22:00:00
-0.6373077470287948,0.45838670355148425,-2.0870270186020687,-0.5846177306571996,-0.031058932870901952,0.945414246983666,2023-01-24 22:00:00
-0.4776455826040052,-1.2551353719733949,-0.12765468151819012,-0.56060763684731,-2.929448690002268,5.963634980786529,2023-01-29 18:00:00
1.0519476177229186,-0.9980606273144129,-0.3839712719523516,0.2502002062516945,1.9956674897839644,-2.593690865579316,2023-01-20 04:00:00
0.820344012612456,-0.03361256470371301,0.4547409121411344,-0.5164296438875717,-0.19646658342809717,-0.6045460549652408,2023-01-24 01:00:00
-1.3569355696995753,0.223153054747697,0.551885971822154,0.6802302084176292,-1.936752702502465,2.7202535048304726,2023-02-07 00:00:00
-0.2573765374233451,-1.6685840738775894,0.39922312260527926,0.647195939702741,-0.483186462299374,1.8609442663723548,2023-01-09 14:00:00
-0.05489400061628639,0.28555407485765694,0.5211224283793383,0.645215585950057,0.5556044660034485,-1.2477832488803804,2023-01-17 08:00:00
-0.39719531614598763,-1.1022697404558555,0.34756161380355205,0.08669769941439659,0.3556689485632294,1.3723288618647285,2023-02-03 02:00:00
0.513085420097293,0.7250957868479971,0.5161782871149584,-0.6414815952229522,0.43192254467394064,-1.955466216179962,2023-01-17 13:00:00
-0.20252422706483003,-0.5282970466629792,1.036087651046256,-1.422974925261673,-0.9701242603796436,2.565192013349666,2023-02-01 22:00:00
-1.8418977729578574,0.8920675997317206,-0.5898923177556078,0.6986888135170435,0.025210867540082116,0.12022815507721796,2023-02-05 08:00:00
0.43004164719106963,1.0302834540318422,0.23878915902651351,-0.2590421458207031,-0.19634984908497827,-1.7028803568530528,2023-01-10 01:00:00
1.465648768921554,-0.22577630048653566,0.06752820468792384,-1.4247481862134568,-0.5443827245251827,0.005719559025566243,2023-01-01 04:00:00
-0.6143231440962944,-0.7097889922335351,0.9788895585567792,-1.3717431292635056,1.6087808557343735,0.3838994250784624,2023-02-02 00:00:00
1.1834936668899279,-1.1780408673763807,1.667224111551137,1.5232386217122582,0.7356219972457467,-2.4700266870816447,2023-01-27 18:00:00
1.6163000427219165,-1.3927354721669964,-0.034550623953963515,-1.6167133749480143,-0.22938233185546722,1.1003668341457504,2023-02-08 17:00:00
0.31745326125017514,-0.33286040438251124,-0.09338685889994829,-0.5293321124483709,-1.514470309180767,1.9635024963738168,2023-01-26 12:00:00
0.5333592447054494,0.8394685045184047,1.218194711754256,1.057368305378225,0.8721970000729778,-2.180424235873404,2023-01-31 18:00:00
1.230874513154735,1.6850142787085094,0.5628808601743548,-0.8798143535020543,1.9870611116994412,-4.681456934904908,2023-01-23 18:00:00
-0.9478927172689863,-0.8343230454915821,0.7640297815728595,-1.542801515209646,-0.6327550298850391,3.5774646010123847,2023-01-31 05:00:00
-0.14702542343084998,0.8407344821295493,0.2078025073533134,-1.2926253471522626,-0.5321685631271895,0.7776015485504343,2023-01-29 11:00:00
-0.007972641316617372,1.4799441388900259,0.0773683076476183,-0.8612842013282637,1.5231240772696573,-2.236198472737182,2023-01-05 02:00:00
2.169936588080543,-1.423682636883923,-1.8518427315746586,0.7835896647986067,-0.6786430612941032,-1.2801419723594638,2023-02-03 12:00:00
0.2668183962954019,-0.33912227927003874,0.37006111526895535,-0.12373268009975662,0.45780560992578473,-0.18160806820443323,2023-01-31 07:00:00
-0.3078084711388841,-0.838585798447231,-0.8866809222834573,0.5348173363459102,1.2289805024890619,0.49771392324332364,2023-01-24 21:00:00
0.8071225966373103,-0.9735461997044687,0.47635776935621926,0.5054701591666269,1.0602099074988798,-0.9871832567716128,2023-01-17 22:00:00
0.4818660617184915,0.547264797377967,0.5488838353173644,-0.25495579355369785,-0.12545426000290022,-1.2699213213426686,2023-01-21 22:00:00
0.6339190223180112,-2.025142586657607,0.18645431476942764,-0.661786464768388,0.852433334796224,0.39268763143301333,2023-01-02 23:00:00
-0.9746816702273214,0.787084603742452,1.158595579007404,-0.8206823183517105,0.9633761292443218,-0.3710003836304636,2023-01-02 08:00:00
1.00163182520856,1.3934545275244314,0.7105491022977853,0.42934082280173436,0.3796396483859655,-5.115048726432747,2023-02-02 11:00:00
-0.4958781720101493,1.0973001875437087,-1.5656480316055963,-3.007632339693757,0.5711794062192087,2.3235056892245263,2023-02-04 23:00:00
1.3993554365860021,0.9246336829127688,0.05963036992017413,-0.6469367777055739,0.6982233136135899,-2.8032559086478215,2023-01-09 08:00:00
1.246085192497629,-2.0733902324081495,-0.34268759408034877,-0.37144086599579146,-1.4075116947178212,2.7314168017059854,2023-01-06 14:00:00
1.5499344050175394,-0.7832532923362371,-0.3220615162056756,0.8135172173696698,-1.2308643164339552,0.007427172774065294,2023-01-02 03:00:00
0.48730523704499484,1.0719298652117972,-0.8792827824119881,0.3485951198609804,-0.12517442838316423,-1.4983109424398338,2023-02-06 16:00:00
-0.9913923494563072,-2.153390113603715,-0.6389617476895022,-1.3230897934074983,1.642015160136369,4.349947518967282,2023-01-10 14:00:00
0.26348721533105957,0.2942241290134937,-0.234407800316322,-0.7837656655863965,-0.6905410523162594,0.720789885612953,2023-01-21 09:00:00
-0.4519493719118777,-0.7893385057196743,-0.0070449854805546995,-0.21560957856802238,-0.37185788227866556,2.5643772543621717,2023-02-02 04:00:00
0.5462842480036996,0.0064222698109378164,-0.4363858905265686,-0.10960980392583083,-0.08836295920533532,-0.13805813939882683,2023-01-16 18:00:00
0.6628812686674127,1.173473857485325,0.18102155870370695,-1.2968319479558466,0.3996879517526416,-0.6517988404734427,2023-01-13 00:00:00
0.32674476460232005,0.30047435961082836,0.6222071440434019,-1.1388331177807691,1.0391117874202687,-1.4700266132997934,2023-01-18 10:00:00
-0.07744346072599365,-1.1952937635992447,1.4509275482792119,1.8071966436378852,-1.6826586941226858,1.2237290160717145,2023-01-29 02:00:00
1.3744380931708173,-2.1356742139786955,3.1377485336599937,1.0560568090660518,0.22323891412915967,-1.5347995584944196,2023-01-17 07:00:00
-0.8245141615276735,-0.6085897232397004,-0.5289777080640152,-1.0565576427602528,1.223083067095325,1.5153565370323108,2023-01-25 16:00:00
-0.01383774609423725,-0.6897277740641738,-0.493122822399772,1.4436320034688142,-1.2565068942792563,1.8860514280510297,2023-01-21 18:00:00
-0.3609661658190799,1.159329803364248,-1.0810633275998973,0.6159356069442637,0.5931012579683838,-2.1369655668391214,2023-01-06 18:00:00
-0.2176812032272203,1.09877685198719,0.8254163489880298,0.8135096360006385,1.305478807154329,-3.1463163921865487,2023-01-03 14:00:00
0.26125053123385605,-0.36927713924620315,0.14338846734225108,-1.77623523289832,0.40865281148067084,1.49340749922507,2023-01-20 15:00:00
0.18947982122108065,1.0074439731951985,-1.2549226680022925,0.1847104747810833,0.937915537510655,-2.2880030324035534,2023-01-27 23:00:00
-0.3357846992901282,1.669021525289393,-0.2595913513636048,-1.5031429531181062,-0.24574306408594432,0.2438720490105716,2023-01-06 08:00:00
0.993782214530439,1.3739143852114495,-0.8523867660741036,0.4753656106920102,0.6324542166423008,-3.684811927489787,2023-02-10 16:00:00
-1.876552706041874,0.6197114459661363,-0.6353623888256293,-1.1896666590903613,-0.6243453897132241,3.6348440848674084,2023-01-22 16:00:00
0.3957988487097471,0.26355081195478497,1.2840957939481172,-2.4263920705352082,-2.3869298701956727,2.978108679726728,2023-02-04 22:00:00
0.7564883543160984,-1.9140600705874673,0.6594512411136115,-0.803948414727481,0.30734561670797006,1.0608154015287483,2023-02-10 02:00:00
0.09699596499271819,0.5951570254369136,-0.8182206832334725,2.0923872756854602,-1.006017381499702,-1.3575797090070982,2023-01-03 16:00:00
0.7499002394237105,0.27926783821652595,-0.950910729687232,0.31852100479887446,-0.9916966634403105,0.45447806212421904,2023-02-03 20:00:00
0.36139560550841393,1.5380365664659692,-0.03582603910995154,1.5646436558140062,-2.6197451040897444,-0.7394279963033537,2023-01-01 14:00:00
0.17770100093325383,-1.3353443587101013,0.3801978510059632,0.6105857452838231,0.5597904479310398,-0.31066680959616333,2023-01-07 12:00:00
0.3577873603482833,0.5607845263682344,1.083051243175277,1.053802052034903,-1.377669367957091,-1.2707468620424667,2023-01-02 16:00:00
0.07595526791608741,0.7426824183597224,0.4822489526806572,-1.2376624223272978,0.8691560643892732,-1.2327670241955777,2023-01-21 12:00:00
-0.3700110298821277,-0.25879606266710237,1.598647170504717,0.5609194479412387,-0.29548031802916036,0.30415326990266633,2023-01-16 19:00:00
-0.5020542243526112,-1.0212328171307132,0.7083564472993533,0.24380071377119883,-0.5640786307367284,1.4217041290097558,2023-01-08 19:00:00
-1.7931064525345768,-0.3828171896129687,-0.12372894627483615,-0.39767969361460404,-1.1840305582225594,4.501524042674259,2023-02-01 19:00:00
-0.3486521344078592,-0.3492577043184288,-0.3216350512173826,2.076747983560841,0.38193545223155334,-0.9929169890152827,2023-01-10 00:00:00
-0.6113852473886282,-0.09294420661358828,-0.23950192202174977,1.1168337755299542,0.18641616974404632,0.16887537267232935,2023-02-02 23:00:00
-0.926930471578083,-0.05952535606180008,-3.2412673400690726,-1.0243876413342898,-0.2525681513931603,2.781277975500503,2023-01-03 04:00:00
0.5148835960763722,0.8199252526352343,0.3243402100148682,-0.5327254982169035,0.8396638644311888,-1.5487621518521961,2023-02-06 14:00:00
1.1876793884615637,-0.4646172972983931,0.2011596558728393,0.28328787154614216,-0.25890497370407733,-1.024541351089007,2023-01-15 01:00:00
-0.7146806769904318,0.5212799050138145,0.3216785413765001,0.16805980596682024,-0.9951484818533795,0.6615762366463394,2023-02-01 04:00:00
1.1464408704007276,-0.9733788380270346,1.0071333364731596,0.3361449630262288,-0.22747625995340778,-0.7149513921624313,2023-01-30 23:00:00
-1.372859451481064,0.35147990035220167,-1.9782252493748103,0.04693490206036963,1.897767016745977,-0.9443744190874113,2023-01-31 04:00:00
0.648280433843859,-0.12094814860778157,0.41953244390702776,-0.8874921778021001,-0.43745830032341043,0.33946188170080593,2023-01-13 07:00:00
-1.3724655478841008,0.32297450361766816,-0.06100397185538355,0.5002404694365699,-0.5336003064391669,1.967507260347031,2023-01-30 05:00:00
-1.2096410186912054,1.6725723868377034,0.4190190093660452,-0.7050118557584089,-0.05576907765770601,-0.2505208197815604,2023-01-11 11:00:00
0.5964411375817527,-0.6342858476894031,-0.23596998721097162,0.7441857103150346,0.42154608353656126,-0.9788847290784497,2023-01-31 06:00:00
3.109918556005361,0.6067230591361827,-0.18319661872038787,0.5345056484805503,0.8876554258738361,-6.01159961742711,2023-01-20 05:00:00
-1.0858251288851855,0.6793732829565033,-1.148794035158656,0.6663125009092119,0.4625912928539512,-0.5494641376764569,2023-01-19 23:00:00
-1.1979664292172616,0.887079776446287,0.2867741123825862,-0.14720527868559727,0.5648423586001226,-0.5890024385583367,2023-02-11 12:00:00
0.11314045705302281,-0.3631166611555665,-2.00745686074501,-0.3883469383011584,-0.30561911106831297,1.1165436237765787,2023-02-03 23:00:00
0.04435879751560705,-1.745707432859652,0.49470565377503245,0.38343503140364416,-0.40930847409572124,2.16237837728988,2023-02-05 22:00:00
-1.4848979684499035,-2.553921134901955,0.9343199112392737,-1.366878698415421,-0.22476540189268354,6.19838407580991,2023-01-12 05:00:00
0.3934853854217496,0.8951932200277323,0.6351718016819695,1.0495527153193351,-0.535235211560568,-2.058264730273426,2023-01-09 09:00:00
-0.30917212346863937,0.22213377163371284,-0.4787486216634773,1.2557561255735208,-0.8946073022195039,0.36529567292940507,2023-01-07 17:00:00
-0.28487549336967083,-0.2561797524953801,-0.24149744587077882,-0.061764199860128925,0.4794415180860639,0.4174891269867849,2023-01-24 03:00:00
-1.1140464501619933,0.25866114785538813,0.21273977585766032,0.7828737349485725,-0.43112556957509907,0.6991002118934095,2023-01-31 09:00:00
0.21329370737293857,0.0012054753622242368,-0.8170886310681906,0.6592456684324051,0.9375701376265584,-2.2937041355888703,2023-01-17 17:00:00
1.2208212988130478,-0.8767737812118448,1.7120402840178925,-1.7476365098282616,0.43477006455689116,0.8932295220163486,2023-01-30 06:00:00
-0.9637589262106109,-0.9571509148950429,0.34378788154988543,-0.04865235157045115,0.03279699541158651,3.124127223747702,2023-01-20 20:00:00
0.24312345851289308,-0.29424250563645765,1.356583385827982,-0.20035257779416388,0.23184209213484805,0.09921073392127369,2023-02-04 05:00:00
-0.15129922023252232,-1.3957892021924851,0.5913492417584003,-0.7239903317426091,-0.19539035117702397,2.792056650705792,2023-02-02 03:00:00
-1.804882100664519,-1.6275424378831627,0.048084946661381994,0.25972250172148187,-0.9043166251044086,5.628255401044639,2023-01-05 09:00:00
1.7041055162554912,1.2468917155347194,-0.062004009366031745,0.9514492770580866,-0.36650702036805183,-4.7831834951581635,2023-01-24 13:00:00
-0.36961033604363397,0.37710039390218647,-0.029262813684978354,1.1260502507721681,-0.05139372358848624,-1.4456621817929296,2023-01-17 05:00:00
-0.23413695694918055,1.5792128155073915,0.7674347291529088,-0.4694743859349521,0.5425600435859647,-1.2686189943834831,2023-01-01 01:00:00
0.66536893503283,-0.7961368031864954,-0.9500634974661272,-1.443604262169765,-0.4829098394605177,1.117072196962633,2023-02-09 01:00:00
-0.5182526388612024,1.3252760904370375,0.827115428565768,0.1579743122514517,-1.2719190011127228,-0.07860029682896094,2023-02-10 22:00:00
-1.7762463334664518,-0.08059974929676088,-0.8330560570007587,0.9153902755601617,-0.5495402745955349,2.3563299279209238,2023-01-24 09:00:00
-1.594427658794367,-0.5993750229537729,0.005243699718183166,0.046980593764742055,-0.45006547147924364,3.316133592322871,2023-01-04 08:00:00
0.4363236696740321,0.03800347816820029,0.1200313267182613,0.6135179727304166,-1.0227925651984056,0.2690966691568771,2023-01-09 13:00:00
-0.8895144296255233,-0.8158102849654383,-0.0771017094141042,0.3411519748166439,0.27669079933001905,1.5046283469100086,2023-01-02 10:00:00
1.1918993344135729,0.9500158286696456,0.24300472205439969,-1.5327005598899308,-0.1962806513879368,-1.2639293919823467,2023-02-02 07:00:00
-0.7095798547491726,-1.2585049106753345,-0.21701705042437042,-0.3084827884558197,2.4267164863455224,0.6560590982473393,2023-01-22 04:00:00
-0.573601772896901,0.1018562952619867,1.5490201514951873,-1.2391070756539009,-1.46752526575244,3.329822423685145,2023-01-18 19:00:00
0.34767648353833636,-0.4872285641135523,-0.6757080791616118,0.0341524174880246,-1.0872459388628026,1.796793711914544,2023-01-19 22:00:00
0.7082144232565571,0.23321613126350166,0.9531366339132451,0.2871241652018242,-0.6124373746404379,-1.0614239354289665,2023-01-16 06:00:00
-0.7928728322623442,-0.10703035995455783,-1.035242322419374,-0.553649305347182,-1.1978778925888485,2.4263508941840906,2023-01-04 19:00:00
1.9389289990582848,-1.0003313246055747,-0.6777449705248515,0.513907849658915,0.17958178193959795,-2.090104570337049,2023-01-15 03:00:00
-1.5947559581633324,0.42069963101847885,-0.5779207768327106,0.8811467208133691,0.0013256887344072295,0.9776227377299418,2023-02-07 09:00:00
-0.2788833941507565,0.8451579711843216,-0.04889718347410554,-1.405189846803575,-0.05240445057746945,1.5716346604110538,2023-01-24 12:00:00
1.0859821161750323,-0.535963445114048,0.8080577982811451,0.36728731340134063,1.8381836767951225,-2.8967210156708574,2023-01-15 09:00:00
0.30170000890173554,0.1755362295785979,-1.8437935834807457,-0.8903178480198718,-0.06407776414871663,1.2967284040389437,2023-02-02 08:00:00
0.04059169120388238,-0.7019916878067554,-0.6629009175509482,-1.4026052717996935,1.7495767431869393,0.7605722993716928,2023-01-11 01:00:00
1.356240028570823,-0.07201012158033385,1.0035328978920242,0.36163602504763415,-0.6451197546051243,-1.278597511753537,2023-01-01 13:00:00
-0.03564148229748357,-1.6151318159055095,1.1647393544571714,-0.7345915767980492,-0.810252437014381,2.965251298281219,2023-01-14 03:00:00
-1.907807557877391,-0.8603850107795019,-0.41360553342164424,1.8876876573401904,0.5565531245337582,1.53516898963029,2023-01-26 00:00:00
-1.5029703283951532,0.25373966149457344,0.4676931717654332,1.0857863249393471,0.09798315347089544,-0.07069364005798662,2023-01-17 03:00:00
-0.15852957302697002,-0.02730453950993186,-0.933267959073196,-0.4432822511915103,-0.8848027140269009,0.6238247893149935,2023-01-12 09:00:00
-1.344450511034277,-0.9186519464841982,-1.0041407667520679,-0.7677975651041284,-0.03468488738678118,3.198314622877166,2023-01-07 22:00:00
0.24365722370271442,-1.0902084067994298,-0.9855396007209299,-0.9697437196346744,0.11053531747394013,1.4505486225962103,2023-02-05 00:00:00
-0.3187483152461331,-1.029811848541845,-0.12334406404611045,0.3090474430326539,-0.6556877194614437,1.1639524425131929,2023-02-11 08:00:00
-0.41790954576589057,-2.025807873111377,-1.0708524186844388,1.9114190871397234,-1.2804555710024668,2.69935801436512,2023-01-27 22:00:00
-1.0986204251778122,1.4205042872710631,-0.11348064588214118,0.2215584736242106,1.2347519140447951,-2.604946574503746,2023-02-04 02:00:00
1.0473177066214483,1.1695899924277735,-0.22939074406802776,-0.04347694981386243,-1.5311075025557221,-0.42994577562727,2023-01-21 04:00:00
-0.3918767653868664,-1.017764309076953,-1.027403551526011,-0.3732682459413141,0.6445184916452914,1.7653087546537973,2023-02-10 20:00:00
0.17521141890851205,2.98525900260341,0.3674816654743044,-0.3135296861723979,0.9218015019772522,-4.435076834774543,2023-01-22 00:00:00
-0.21713107494620248,0.5265366836723071,-0.47741070619280046,-0.6498268854974364,0.08416823018569615,0.0049933577589809375,2023-02-04 15:00:00
1.2477420726737338,-0.6734906242438685,0.27899416222380197,-0.8353470532597573,2.1451491277733883,-2.6547009428556563,2023-01-11 03:00:00
-1.703871586826719,-0.9244659881295544,1.5628887685081978,-0.2739930818293042,-0.24338397937501807,3.6456655023153366,2023-01-24 14:00:00
0.6460061871145515,-2.3716593608588923,2.0420696529278803,0.2952799406208684,-0.7764991404930003,1.5716410866902264,2023-02-06 11:00:00
-0.11676591579524663,-0.6355578414044034,1.7388513518533313,-0.3212427661179117,1.8325570434792018,-1.1455064919837583,2023-01-24 10:00:00
0.46654531145012695,1.3462257562027482,0.5222506360177785,-0.09791524644290406,2.2724347204468818,-4.439964415193854,2023-01-29 14:00:00
-1.0700847663261526,-1.5255251709247388,-0.6919080698812444,-0.045586016355497805,0.24333944932269183,3.5240453280543016,2023-01-08 21:00:00
-1.4152671919241875,0.21853404241094568,1.0094717885959688,-0.8449414385934964,-1.4990159604584012,4.610535644552359,2023-02-02 14:00:00
1.9351540400602292,0.8155010224442626,-0.048088507330772585,-0.18315047105329468,-0.35667313417987123,-3.331087611211007,2023-01-30 03:00:00
1.4484992298929262,-0.35976864578908574,-1.3260476860820383,-0.413465161123276,0.26028050658288615,-0.6934611122381897,2023-01-20 19:00:00
-2.5322460852196853,0.6820694900626313,0.12617790366196718,-0.22247489677826537,2.046862195719558,0.2384934346961221,2023-01-29 09:00:00
-1.5859833122379583,-1.879924385139045,1.8709651753717822,0.38961417737090387,-0.8682927318763665,4.352219989031111,2023-01-22 06:00:00
-0.20812225035727522,-0.4930009346588328,-0.5893647569442115,0.8496020970210246,0.35701548596504734,-0.7418778607954998,2023-01-03 10:00:00
-0.15589817793666752,-0.5482872964906009,0.1600182258527877,0.501782736167545,1.1173988159024608,-1.382889582741749,2023-01-20 18:00:00
0.18383451632250436,2.6930336639804966,0.34980002456790754,-1.0040545968420103,-0.09546424708907303,-3.292954819815466,2023-01-24 08:00:00
2.0931979322099448,-1.5118834195632136,1.159381043300522,0.973101561015072,-0.7790927393767005,-1.8097253645670395,2023-02-05 16:00:00
-0.12205713212127726,-0.45784838618248924,-0.15936223214590656,-0.37058276240078286,-1.3480471119401671,2.3287447432044432,2023-02-01 03:00:00
0.5583269125217224,0.0760053914124115,0.5387559924463692,-0.9206735930793662,0.169360824036078,-0.07326083759430696,2023-01-11 12:00:00
0.4040508568145384,1.8861859012105302,0.17457781283183896,0.25755039072276437,-0.07444591576616721,-3.8858644838027137,2023-01-01 21:00:00
-0.2813275571182134,0.06699071722487192,0.5159392177040995,-1.5625458568865427,-0.5290526773462948,2.6451711023694697,2023-01-14 01:00:00
0.5225141052657575,0.4183982208886837,1.4015985929464294,0.6504500925361392,-1.503080301759818,-0.7638908758730057,2023-01-20 03:00:00
0.9382838059759977,-0.5160447282173739,0.09612077694098337,-0.4622752887050425,-0.4344962274323156,1.489454484133548,2023-01-07 16:00:00
0.6779258713392691,-0.48791140814570266,2.1573082132655035,-0.6057149230033384,0.742095372009307,-0.726845387000343,2023-01-12 12:00:00
0.7826298263165181,-0.024232833869692147,1.2024512479830722,-1.0952705188428047,-3.1767038131960006,3.345356589156536,2023-02-09 19:00:00
1.1172958315881276,0.34272534637770413,0.4567532191537839,0.5697672802322039,0.44770856001731496,-3.0932769465206618,2023-01-08 23:00:00
-0.9193845915864234,-2.5302875227463297,-0.2860042218801108,1.100959634998571,1.9583474542205939,1.6723708647518085,2023-01-17 01:00:00
-0.31823752774262026,-0.7811563781311142,-0.2598001407675125,1.5985381120963413,0.8021284586181193,-0.6148646369535552,2023-02-03 13:00:00
-0.5827586576115821,-2.438817158276429,-0.13427916218630415,1.42274813609994,0.9262154022415924,1.2821665898648775,2023-01-18 05:00:00
1.4872461553359273,-0.580053241370043,0.23940450053537707,0.49968511030293383,0.4720022709192744,-2.0513130356793337,2023-01-21 11:00:00
-0.09053328230416077,0.33198033056901455,0.1904996797790664,0.7094518171390395,-0.43548637056984335,-0.9443817435152906,2023-01-15 07:00:00
0.8282296901846228,1.090861670603698,-0.4629395120252583,-0.14994071907910936,-1.433151814524712,-0.6213756989350944,2023-02-02 01:00:00
-0.027514905050636255,1.772251596669744,1.66125921454787,-0.45709625658627184,-0.6022120603617805,-1.0962709659815486,2023-01-13 20:00:00
1.0613709648731335,0.5320061988219431,0.3616610612470166,1.7611881248673737,-0.0003136726117747121,-4.824593158593103,2023-01-28 13:00:00
1.8489560949453452,1.1265650295477574,-0.26888869055483056,-1.1065259087416703,2.5733598032498604,-5.630698199581593,2023-01-06 10:00:00
0.41644603810145264,-0.05390484900573916,-0.9823035803773146,1.1218578562304709,2.3200407220172594,-2.599045807652267,2023-01-28 15:00:00
0.7158727446909595,0.2270344788648889,-0.3240681752089702,0.5914421517518549,0.6802203604766911,-3.2179477462419115,2023-02-06 07:00:00
0.5389100436846587,-1.0372461543264564,-0.1903386780836082,-0.8756182533847572,-1.382799730964336,2.446331386557884,2023-01-05 03:00:00
-0.1343087414705478,0.8108082731597821,0.793488720552213,-1.7485319732381808,1.3043402428781525,-0.5517666754361451,2023-01-16 12:00:00
0.07409478041977519,1.6286155455712918,-1.3801014582148914,-1.7033824393551547,-0.05554769889661878,-0.2977824104840427,2023-01-04 15:00:00
1.7388996637975789,0.9788580507817954,0.08531814256502405,-0.8082657216409264,-0.8304444065565653,-1.9622393935393667,2023-01-20 02:00:00
0.5796331732135757,0.32579631658216646,0.19438430157733602,-0.35316629281068834,0.33848384346169114,-1.0755591766144428,2023-01-14 18:00:00
-0.04692057887918407,0.47704082722312147,0.07682189106025536,-1.2829922241885696,0.99626681944714,0.20934147460415098,2023-01-09 22:00:00
-0.29396694766418224,-0.07159925185806683,-1.5178737466808094,-0.3570292008066094,0.8903831635197862,0.43309047917672355,2023-01-20 10:00:00
1.876795812558066,-0.773789199103573,-1.244654703311417,-1.7787202489042786,1.496044311489183,-2.1542882818156333,2023-01-06 01:00:00
-1.2693304965466992,1.7025146581296056,0.20232879642280202,1.631856899089109,-0.7330329955239894,-0.807339949915689,2023-01-26 14:00:00
-1.4153707420504142,-0.42064532276535904,-0.3427145165267695,-0.8022772692216189,-0.16128571166600914,2.0668347244089427,2023-01-01 20:00:00
1.1806409124521446,-0.6273134459513029,0.04522270899998256,0.05119790188108534,-0.501784192811532,-0.14582144394245353,2023-01-30 04:00:00
-1.0025293646378088,-0.01851313599238993,-0.2886586389201383,0.3227185603380895,-0.827230943552323,2.403245031825254,2023-01-03 23:00:00
0.6385924587773739,-1.6615200622689599,-0.06607979864731657,-1.2110161997624567,-0.6518361078021592,2.9336317463788535,2023-01-05 10:00:00
-1.1701130260593595,-1.8019804375800197,0.541462728204788,0.7591551603026468,-0.5765104007267194,4.192600363104495,2023-01-12 06:00:00
-0.4235985817281771,-1.3656174041901494,-0.9741218462163683,0.7034279167873088,-1.307369782230964,3.5202186779707008,2023-02-05 20:00:00
2.0895387216947734,-1.6076610271180587,0.18474057889572446,2.0236062192296393,0.006799844559997769,-3.107972522751056,2023-01-19 03:00:00
0.2704568257798388,-0.05023810944913695,-0.23894804686640975,-0.9075636620415979,-0.5767713305683327,1.4524958897856495,2023-01-05 06:00:00
